{
  "experiment_setup": {
    "config": {
      "classifier_type": "nb",
      "embedding_type": "tfidf",
      "use_select_kbest": true,
      "brand_removal": false,
      "use_lexical_syntactic": false,
      "use_vader_sentiment": true,
      "use_smote": false,
      "use_scaler": true,
      "use_lda": false,
      "save_interesting_articles": false,
      "use_bias_features": false,
      "lexical_csv_path": "precomputed_lexical_default.csv",
      "sentiment_csv_path": "precomputed_sentiment_default.csv",
      "bias_csv_path": "precomputed_bias_default.csv",
      "results_dir": "experiments/nb/tfidf_kbest_vader_scaler"
    },
    "best_params": {
      "clf__alpha": 0.052150266974116635,
      "clf__fit_prior": false,
      "features__text__vectorizer__max_df": 0.8,
      "features__text__vectorizer__max_features": 10000,
      "features__text__vectorizer__min_df": 1,
      "features__text__vectorizer__ngram_range": [
        1,
        2
      ],
      "select__k": 1800,
      "select__score_func": "f_classif"
    },
    "best_cv_score": 0.6807985445031636,
    "split_mode": "media"
  },
  "performance_summary": {
    "test_metrics": {
      "accuracy": 0.5138461538461538,
      "mae": 0.7438461538461538,
      "macro_f1": 0.43796343043625674,
      "macro_precision": 0.5047578184591915,
      "macro_recall": 0.45079987340124555,
      "weighted_f1": 0.4830422001208493,
      "weighted_precision": 0.5115985081851786,
      "weighted_recall": 0.5138461538461538
    },
    "test_confusion_matrix": [
      [
        206,
        13,
        183
      ],
      [
        102,
        41,
        156
      ],
      [
        152,
        26,
        421
      ]
    ],
    "test_confidence_mean": 0.6617153208834029,
    "test_confidence_std": 0.16782638178415937,
    "classification_report_dict": {
      "0": {
        "precision": 0.44782608695652176,
        "recall": 0.5124378109452736,
        "f1-score": 0.4779582366589327,
        "support": 402.0
      },
      "1": {
        "precision": 0.5125,
        "recall": 0.13712374581939799,
        "f1-score": 0.21635883905013192,
        "support": 299.0
      },
      "2": {
        "precision": 0.5539473684210526,
        "recall": 0.7028380634390651,
        "f1-score": 0.6195732155997057,
        "support": 599.0
      },
      "accuracy": 0.5138461538461538,
      "macro avg": {
        "precision": 0.5047578184591915,
        "recall": 0.45079987340124555,
        "f1-score": 0.43796343043625674,
        "support": 1300.0
      },
      "weighted avg": {
        "precision": 0.5115985081851786,
        "recall": 0.5138461538461538,
        "f1-score": 0.4830422001208493,
        "support": 1300.0
      }
    },
    "classification_report_text": "              precision    recall  f1-score   support\n\n           0      0.448     0.512     0.478       402\n           1      0.512     0.137     0.216       299\n           2      0.554     0.703     0.620       599\n\n    accuracy                          0.514      1300\n   macro avg      0.505     0.451     0.438      1300\nweighted avg      0.512     0.514     0.483      1300\n"
  },
  "timing": {
    "run_time_seconds": 101.63875222206116,
    "run_time_minutes": 1.6939792037010193
  },
  "analysis_info": {
    "train_class_distribution": {
      "2": 10241,
      "0": 8861,
      "1": 7488
    },
    "test_class_distribution": {
      "2": 599,
      "0": 402,
      "1": 299
    },
    "pred_class_distribution": {
      "2": 760,
      "0": 460,
      "1": 80
    },
    "class_0_avg_probability": 0.36629996894067773,
    "class_1_avg_probability": 0.14068905907613993,
    "class_2_avg_probability": 0.4930109719831822
  }
}