{
  "experiment_setup": {
    "config": {
      "classifier_type": "cnb",
      "embedding_type": "tfidf",
      "use_select_kbest": true,
      "brand_removal": true,
      "use_lexical_syntactic": false,
      "use_vader_sentiment": false,
      "use_smote": true,
      "use_scaler": false,
      "use_lda": false,
      "save_interesting_articles": false,
      "use_bias_features": false,
      "lexical_csv_path": "precomputed_lexical_custom.csv",
      "sentiment_csv_path": "precomputed_sentiment_custom.csv",
      "bias_csv_path": "precomputed_bias_custom.csv",
      "results_dir": "experiments/cnb/tfidf_kbest_brand_smote"
    },
    "best_params": {
      "clf__alpha": 0.079403964796582,
      "clf__fit_prior": false,
      "clf__norm": false,
      "features__text__vectorizer__max_df": 0.8,
      "features__text__vectorizer__max_features": 10000,
      "features__text__vectorizer__min_df": 1,
      "features__text__vectorizer__ngram_range": [
        1,
        2
      ],
      "select__k": 1321,
      "select__score_func": "chi2"
    },
    "best_cv_score": 0.6524431647641524,
    "split_mode": "media"
  },
  "performance_summary": {
    "test_metrics": {
      "accuracy": 0.5076923076923077,
      "mae": 0.7161538461538461,
      "macro_f1": 0.49201488609353633,
      "macro_precision": 0.49212327317598875,
      "macro_recall": 0.49563858198246685,
      "weighted_f1": 0.5084165802948006,
      "weighted_precision": 0.5131444945873918,
      "weighted_recall": 0.5076923076923077
    },
    "test_confusion_matrix": [
      [
        225,
        72,
        105
      ],
      [
        65,
        120,
        114
      ],
      [
        186,
        98,
        315
      ]
    ],
    "test_confidence_mean": 0.3913863587137275,
    "test_confidence_std": 0.05574207669260433,
    "classification_report_dict": {
      "0": {
        "precision": 0.4726890756302521,
        "recall": 0.5597014925373134,
        "f1-score": 0.5125284738041003,
        "support": 402.0
      },
      "1": {
        "precision": 0.41379310344827586,
        "recall": 0.4013377926421405,
        "f1-score": 0.4074702886247878,
        "support": 299.0
      },
      "2": {
        "precision": 0.5898876404494382,
        "recall": 0.5258764607679466,
        "f1-score": 0.556045895851721,
        "support": 599.0
      },
      "accuracy": 0.5076923076923077,
      "macro avg": {
        "precision": 0.49212327317598875,
        "recall": 0.49563858198246685,
        "f1-score": 0.49201488609353633,
        "support": 1300.0
      },
      "weighted avg": {
        "precision": 0.5131444945873918,
        "recall": 0.5076923076923077,
        "f1-score": 0.5084165802948006,
        "support": 1300.0
      }
    },
    "classification_report_text": "              precision    recall  f1-score   support\n\n           0      0.473     0.560     0.513       402\n           1      0.414     0.401     0.407       299\n           2      0.590     0.526     0.556       599\n\n    accuracy                          0.508      1300\n   macro avg      0.492     0.496     0.492      1300\nweighted avg      0.513     0.508     0.508      1300\n"
  },
  "timing": {
    "run_time_seconds": 37.89858675003052,
    "run_time_minutes": 0.6316431125005086
  },
  "analysis_info": {
    "train_class_distribution": {
      "2": 10241,
      "0": 8861,
      "1": 7488
    },
    "test_class_distribution": {
      "2": 599,
      "0": 402,
      "1": 299
    },
    "pred_class_distribution": {
      "2": 534,
      "0": 476,
      "1": 290
    },
    "class_0_avg_probability": 0.328395206873222,
    "class_1_avg_probability": 0.3168959093644632,
    "class_2_avg_probability": 0.35470888376231474,
    "brand_removal_enabled": true
  }
}