{
  "experiment_setup": {
    "config": {
      "classifier_type": "xgb",
      "embedding_type": "tfidf",
      "use_select_kbest": true,
      "use_bias_features": true,
      "use_smote": false,
      "use_lexical_syntactic": false,
      "use_vader_sentiment": false,
      "use_scaler": false,
      "brand_removal": false,
      "save_interesting_articles": false,
      "results_dir": "experiments/xgb/tfidf_kbest_bias"
    },
    "best_params": {
      "clf__colsample_bytree": 0.7,
      "clf__gamma": 1,
      "clf__learning_rate": 0.1,
      "clf__max_depth": 7,
      "clf__min_child_weight": 1,
      "clf__n_estimators": 200,
      "clf__subsample": 1.0,
      "features__text__vectorizer__max_df": 0.8,
      "features__text__vectorizer__max_features": 5000,
      "features__text__vectorizer__min_df": 1,
      "features__text__vectorizer__ngram_range": [
        1,
        1
      ],
      "select__k": 1813,
      "select__score_func": "chi2"
    },
    "best_cv_score": 0.77023222372948,
    "split_mode": "media"
  },
  "performance_summary": {
    "test_metrics": {
      "accuracy": 0.5584615384615385,
      "mae": 0.6584615384615384,
      "macro_f1": 0.5335114576878587,
      "macro_precision": 0.5443060638087861,
      "macro_recall": 0.5306655583858882,
      "weighted_f1": 0.5550000714954878,
      "weighted_precision": 0.557456877215372,
      "weighted_recall": 0.5584615384615385
    },
    "test_confusion_matrix": [
      [
        229,
        47,
        126
      ],
      [
        72,
        115,
        112
      ],
      [
        156,
        61,
        382
      ]
    ],
    "test_confidence_mean": 0.596724271774292,
    "test_confidence_std": 0.1472872942686081,
    "classification_report_dict": {
      "0": {
        "precision": 0.5010940919037199,
        "recall": 0.5696517412935324,
        "f1-score": 0.5331781140861467,
        "support": 402.0
      },
      "1": {
        "precision": 0.515695067264574,
        "recall": 0.38461538461538464,
        "f1-score": 0.44061302681992337,
        "support": 299.0
      },
      "2": {
        "precision": 0.6161290322580645,
        "recall": 0.6377295492487479,
        "f1-score": 0.6267432321575062,
        "support": 599.0
      },
      "accuracy": 0.5584615384615385,
      "macro avg": {
        "precision": 0.5443060638087861,
        "recall": 0.5306655583858882,
        "f1-score": 0.5335114576878587,
        "support": 1300.0
      },
      "weighted avg": {
        "precision": 0.557456877215372,
        "recall": 0.5584615384615385,
        "f1-score": 0.5550000714954878,
        "support": 1300.0
      }
    },
    "classification_report_text": "              precision    recall  f1-score   support\n\n           0      0.501     0.570     0.533       402\n           1      0.516     0.385     0.441       299\n           2      0.616     0.638     0.627       599\n\n    accuracy                          0.558      1300\n   macro avg      0.544     0.531     0.534      1300\nweighted avg      0.557     0.558     0.555      1300\n"
  },
  "timing": {
    "run_time_seconds": 334.15796875953674,
    "run_time_minutes": 5.569299479325612
  },
  "analysis_info": {
    "train_class_distribution": {
      "2": 10241,
      "0": 8861,
      "1": 7488
    },
    "test_class_distribution": {
      "2": 599,
      "0": 402,
      "1": 299
    },
    "pred_class_distribution": {
      "2": 620,
      "0": 457,
      "1": 223
    },
    "class_0_avg_probability": 0.35572320222854614,
    "class_1_avg_probability": 0.2385975569486618,
    "class_2_avg_probability": 0.40567928552627563,
    "xgb_num_trees": 200
  }
}