{
  "experiment_setup": {
    "config": {
      "classifier_type": "logreg",
      "embedding_type": "tfidf",
      "brand_removal": false,
      "use_select_kbest": true,
      "use_lexical_syntactic": true,
      "use_vader_sentiment": false,
      "use_smote": false,
      "use_lda": false,
      "save_interesting_articles": false,
      "use_scaler": false,
      "use_bias_features": false,
      "lexical_csv_path": "precomputed_lexical_default.csv",
      "sentiment_csv_path": "precomputed_sentiment_default.csv",
      "bias_csv_path": "precomputed_bias_default.csv"
    },
    "best_params": {
      "clf__C": 1.7965626423790628,
      "clf__class_weight": null,
      "clf__max_iter": 2000,
      "clf__penalty": "l1",
      "clf__solver": "saga",
      "features__text__vectorizer__max_df": 0.8,
      "features__text__vectorizer__max_features": 10000,
      "features__text__vectorizer__min_df": 1,
      "features__text__vectorizer__ngram_range": [
        1,
        2
      ],
      "select__k": 1815,
      "select__score_func": "chi2"
    },
    "best_cv_score": 0.7218891275874536,
    "split_mode": "random"
  },
  "performance_summary": {
    "test_metrics": {
      "accuracy": 0.6923076923076923,
      "mae": 0.48384615384615387,
      "macro_f1": 0.6933126915352776,
      "macro_precision": 0.6864759568473829,
      "macro_recall": 0.7040654298630225,
      "weighted_f1": 0.6920957991354474,
      "weighted_precision": 0.6954512265499462,
      "weighted_recall": 0.6923076923076923
    },
    "test_confusion_matrix": [
      [
        260,
        32,
        110
      ],
      [
        34,
        237,
        28
      ],
      [
        119,
        77,
        403
      ]
    ],
    "test_confidence_mean": 0.6698154540273491,
    "test_confidence_std": 0.17341784330392104,
    "classification_report_dict": {
      "0": {
        "precision": 0.6295399515738499,
        "recall": 0.6467661691542289,
        "f1-score": 0.6380368098159509,
        "support": 402.0
      },
      "1": {
        "precision": 0.684971098265896,
        "recall": 0.7926421404682275,
        "f1-score": 0.7348837209302326,
        "support": 299.0
      },
      "2": {
        "precision": 0.744916820702403,
        "recall": 0.672787979966611,
        "f1-score": 0.7070175438596491,
        "support": 599.0
      },
      "accuracy": 0.6923076923076923,
      "macro avg": {
        "precision": 0.6864759568473829,
        "recall": 0.7040654298630225,
        "f1-score": 0.6933126915352776,
        "support": 1300.0
      },
      "weighted avg": {
        "precision": 0.6954512265499462,
        "recall": 0.6923076923076923,
        "f1-score": 0.6920957991354474,
        "support": 1300.0
      }
    },
    "classification_report_text": "              precision    recall  f1-score   support\n\n           0      0.630     0.647     0.638       402\n           1      0.685     0.793     0.735       299\n           2      0.745     0.673     0.707       599\n\n    accuracy                          0.692      1300\n   macro avg      0.686     0.704     0.693      1300\nweighted avg      0.695     0.692     0.692      1300\n"
  },
  "timing": {
    "run_time_seconds": 562.0688149929047,
    "run_time_minutes": 9.367813583215078
  },
  "analysis_info": {
    "train_class_distribution": {
      "2": 10240,
      "0": 9750,
      "1": 7988
    },
    "test_class_distribution": {
      "2": 599,
      "0": 402,
      "1": 299
    },
    "pred_class_distribution": {
      "2": 541,
      "0": 413,
      "1": 346
    },
    "class_0_avg_probability": 0.3335394797504859,
    "class_1_avg_probability": 0.28373739715307067,
    "class_2_avg_probability": 0.38272312309644335,
    "logreg_n_iter": [
      938
    ]
  }
}