{
  "experiment_setup": {
    "config": {
      "classifier_type": "cnb",
      "embedding_type": "tfidf",
      "use_select_kbest": true,
      "brand_removal": true,
      "use_lexical_syntactic": true,
      "use_vader_sentiment": false,
      "use_smote": false,
      "use_scaler": true,
      "use_lda": false,
      "save_interesting_articles": false,
      "use_bias_features": false,
      "lexical_csv_path": "precomputed_lexical_custom.csv",
      "sentiment_csv_path": "precomputed_sentiment_custom.csv",
      "bias_csv_path": "precomputed_bias_custom.csv",
      "results_dir": "experiments/cnb/tfidf_kbest_brand_lex_scaler"
    },
    "best_params": {
      "clf__alpha": 1.7052641538983098,
      "clf__fit_prior": false,
      "clf__norm": false,
      "features__text__vectorizer__max_df": 0.8,
      "features__text__vectorizer__max_features": 10000,
      "features__text__vectorizer__min_df": 1,
      "features__text__vectorizer__ngram_range": [
        1,
        2
      ],
      "select__k": 1515,
      "select__score_func": "f_classif"
    },
    "best_cv_score": 0.6656749421157843,
    "split_mode": "media"
  },
  "performance_summary": {
    "test_metrics": {
      "accuracy": 0.5130769230769231,
      "mae": 0.7384615384615385,
      "macro_f1": 0.45074210400455134,
      "macro_precision": 0.49210626037384236,
      "macro_recall": 0.4542811539590727,
      "weighted_f1": 0.4902914496289703,
      "weighted_precision": 0.5028448081431658,
      "weighted_recall": 0.5130769230769231
    },
    "test_confusion_matrix": [
      [
        186,
        28,
        188
      ],
      [
        86,
        58,
        155
      ],
      [
        139,
        37,
        423
      ]
    ],
    "test_confidence_mean": 0.9639962405942167,
    "test_confidence_std": 0.09210445921115486,
    "classification_report_dict": {
      "0": {
        "precision": 0.45255474452554745,
        "recall": 0.4626865671641791,
        "f1-score": 0.4575645756457565,
        "support": 402.0
      },
      "1": {
        "precision": 0.4715447154471545,
        "recall": 0.1939799331103679,
        "f1-score": 0.27488151658767773,
        "support": 299.0
      },
      "2": {
        "precision": 0.5522193211488251,
        "recall": 0.7061769616026711,
        "f1-score": 0.6197802197802198,
        "support": 599.0
      },
      "accuracy": 0.5130769230769231,
      "macro avg": {
        "precision": 0.49210626037384236,
        "recall": 0.4542811539590727,
        "f1-score": 0.45074210400455134,
        "support": 1300.0
      },
      "weighted avg": {
        "precision": 0.5028448081431658,
        "recall": 0.5130769230769231,
        "f1-score": 0.4902914496289703,
        "support": 1300.0
      }
    },
    "classification_report_text": "              precision    recall  f1-score   support\n\n           0      0.453     0.463     0.458       402\n           1      0.472     0.194     0.275       299\n           2      0.552     0.706     0.620       599\n\n    accuracy                          0.513      1300\n   macro avg      0.492     0.454     0.451      1300\nweighted avg      0.503     0.513     0.490      1300\n"
  },
  "timing": {
    "run_time_seconds": 36.293978214263916,
    "run_time_minutes": 0.6048996369043986
  },
  "analysis_info": {
    "train_class_distribution": {
      "2": 10241,
      "0": 8861,
      "1": 7488
    },
    "test_class_distribution": {
      "2": 599,
      "0": 402,
      "1": 299
    },
    "pred_class_distribution": {
      "2": 766,
      "0": 411,
      "1": 123
    },
    "class_0_avg_probability": 0.3163384397066906,
    "class_1_avg_probability": 0.09544464996293842,
    "class_2_avg_probability": 0.5882169103303704,
    "brand_removal_enabled": true
  }
}