{
  "experiment_setup": {
    "config": {
      "classifier_type": "nb",
      "embedding_type": "tfidf",
      "use_select_kbest": true,
      "brand_removal": true,
      "use_lexical_syntactic": true,
      "use_vader_sentiment": false,
      "use_smote": true,
      "use_scaler": false,
      "use_lda": false,
      "save_interesting_articles": false,
      "use_bias_features": false,
      "lexical_csv_path": "precomputed_lexical_custom.csv",
      "sentiment_csv_path": "precomputed_sentiment_custom.csv",
      "bias_csv_path": "precomputed_bias_custom.csv",
      "results_dir": "experiments/nb/tfidf_kbest_brand_lex_smote"
    },
    "best_params": {
      "clf__alpha": 0.052150266974116635,
      "clf__fit_prior": false,
      "features__text__vectorizer__max_df": 0.8,
      "features__text__vectorizer__max_features": 10000,
      "features__text__vectorizer__min_df": 1,
      "features__text__vectorizer__ngram_range": [
        1,
        2
      ],
      "select__k": 1800,
      "select__score_func": "chi2"
    },
    "best_cv_score": 0.6011256463226962,
    "split_mode": "random"
  },
  "performance_summary": {
    "test_metrics": {
      "accuracy": 0.6176923076923077,
      "mae": 0.5584615384615385,
      "macro_f1": 0.6133451308048843,
      "macro_precision": 0.6117413358119771,
      "macro_recall": 0.6364513577638632,
      "weighted_f1": 0.6165577980747039,
      "weighted_precision": 0.6330155488595856,
      "weighted_recall": 0.6176923076923077
    },
    "test_confusion_matrix": [
      [
        210,
        90,
        102
      ],
      [
        20,
        237,
        42
      ],
      [
        127,
        116,
        356
      ]
    ],
    "test_confidence_mean": 0.46526686215997837,
    "test_confidence_std": 0.09032694656611524,
    "classification_report_dict": {
      "0": {
        "precision": 0.5882352941176471,
        "recall": 0.5223880597014925,
        "f1-score": 0.5533596837944664,
        "support": 402.0
      },
      "1": {
        "precision": 0.5349887133182845,
        "recall": 0.7926421404682275,
        "f1-score": 0.6388140161725068,
        "support": 299.0
      },
      "2": {
        "precision": 0.712,
        "recall": 0.5943238731218697,
        "f1-score": 0.6478616924476797,
        "support": 599.0
      },
      "accuracy": 0.6176923076923077,
      "macro avg": {
        "precision": 0.6117413358119771,
        "recall": 0.6364513577638632,
        "f1-score": 0.6133451308048843,
        "support": 1300.0
      },
      "weighted avg": {
        "precision": 0.6330155488595856,
        "recall": 0.6176923076923077,
        "f1-score": 0.6165577980747039,
        "support": 1300.0
      }
    },
    "classification_report_text": "              precision    recall  f1-score   support\n\n           0      0.588     0.522     0.553       402\n           1      0.535     0.793     0.639       299\n           2      0.712     0.594     0.648       599\n\n    accuracy                          0.618      1300\n   macro avg      0.612     0.636     0.613      1300\nweighted avg      0.633     0.618     0.617      1300\n"
  },
  "timing": {
    "run_time_seconds": 63.39500951766968,
    "run_time_minutes": 1.0565834919611612
  },
  "analysis_info": {
    "train_class_distribution": {
      "2": 10240,
      "0": 9750,
      "1": 7988
    },
    "test_class_distribution": {
      "2": 599,
      "0": 402,
      "1": 299
    },
    "pred_class_distribution": {
      "2": 500,
      "1": 443,
      "0": 357
    },
    "class_0_avg_probability": 0.31322639628626114,
    "class_1_avg_probability": 0.32015032378719954,
    "class_2_avg_probability": 0.36662327992653926,
    "brand_removal_enabled": true
  }
}