{
  "experiment_setup": {
    "config": {
      "classifier_type": "nb",
      "embedding_type": "tfidf",
      "use_select_kbest": true,
      "brand_removal": false,
      "use_lexical_syntactic": false,
      "use_vader_sentiment": false,
      "use_smote": true,
      "use_scaler": true,
      "use_lda": false,
      "save_interesting_articles": false,
      "use_bias_features": false,
      "lexical_csv_path": "precomputed_lexical_default.csv",
      "sentiment_csv_path": "precomputed_sentiment_default.csv",
      "bias_csv_path": "precomputed_bias_default.csv",
      "results_dir": "experiments/nb/tfidf_kbest_smote_scaler"
    },
    "best_params": {
      "clf__alpha": 0.052150266974116635,
      "clf__fit_prior": false,
      "features__text__vectorizer__max_df": 0.8,
      "features__text__vectorizer__max_features": 10000,
      "features__text__vectorizer__min_df": 1,
      "features__text__vectorizer__ngram_range": [
        1,
        2
      ],
      "select__k": 1800,
      "select__score_func": "f_classif"
    },
    "best_cv_score": 0.689868704721847,
    "split_mode": "media"
  },
  "performance_summary": {
    "test_metrics": {
      "accuracy": 0.5138461538461538,
      "mae": 0.7346153846153847,
      "macro_f1": 0.4576979344796414,
      "macro_precision": 0.4941416318128537,
      "macro_recall": 0.4659926452460841,
      "weighted_f1": 0.4956815038411126,
      "weighted_precision": 0.510324749605833,
      "weighted_recall": 0.5138461538461538
    },
    "test_confusion_matrix": [
      [
        231,
        25,
        146
      ],
      [
        116,
        56,
        127
      ],
      [
        177,
        41,
        381
      ]
    ],
    "test_confidence_mean": 0.9827169032474526,
    "test_confidence_std": 0.06540697383846521,
    "classification_report_dict": {
      "0": {
        "precision": 0.44083969465648853,
        "recall": 0.5746268656716418,
        "f1-score": 0.49892008639308855,
        "support": 402.0
      },
      "1": {
        "precision": 0.45901639344262296,
        "recall": 0.18729096989966554,
        "f1-score": 0.2660332541567696,
        "support": 299.0
      },
      "2": {
        "precision": 0.5825688073394495,
        "recall": 0.6360601001669449,
        "f1-score": 0.6081404628890662,
        "support": 599.0
      },
      "accuracy": 0.5138461538461538,
      "macro avg": {
        "precision": 0.4941416318128537,
        "recall": 0.4659926452460841,
        "f1-score": 0.4576979344796414,
        "support": 1300.0
      },
      "weighted avg": {
        "precision": 0.510324749605833,
        "recall": 0.5138461538461538,
        "f1-score": 0.4956815038411126,
        "support": 1300.0
      }
    },
    "classification_report_text": "              precision    recall  f1-score   support\n\n           0      0.441     0.575     0.499       402\n           1      0.459     0.187     0.266       299\n           2      0.583     0.636     0.608       599\n\n    accuracy                          0.514      1300\n   macro avg      0.494     0.466     0.458      1300\nweighted avg      0.510     0.514     0.496      1300\n"
  },
  "timing": {
    "run_time_seconds": 122.33461904525757,
    "run_time_minutes": 2.0389103174209593
  },
  "analysis_info": {
    "train_class_distribution": {
      "2": 10241,
      "0": 8861,
      "1": 7488
    },
    "test_class_distribution": {
      "2": 599,
      "0": 402,
      "1": 299
    },
    "pred_class_distribution": {
      "2": 654,
      "0": 524,
      "1": 122
    },
    "class_0_avg_probability": 0.3999705374792984,
    "class_1_avg_probability": 0.0941551586408752,
    "class_2_avg_probability": 0.5058743038798295
  }
}