{
  "experiment_setup": {
    "config": {
      "classifier_type": "cnb",
      "embedding_type": "tfidf",
      "use_select_kbest": true,
      "brand_removal": true,
      "use_lexical_syntactic": false,
      "use_vader_sentiment": false,
      "use_smote": false,
      "use_scaler": true,
      "use_lda": false,
      "save_interesting_articles": false,
      "use_bias_features": false,
      "lexical_csv_path": "precomputed_lexical_custom.csv",
      "sentiment_csv_path": "precomputed_sentiment_custom.csv",
      "bias_csv_path": "precomputed_bias_custom.csv",
      "results_dir": "experiments/cnb/tfidf_kbest_brand_scaler"
    },
    "best_params": {
      "clf__alpha": 1.7052641538983098,
      "clf__fit_prior": false,
      "clf__norm": false,
      "features__text__vectorizer__max_df": 0.8,
      "features__text__vectorizer__max_features": 10000,
      "features__text__vectorizer__min_df": 1,
      "features__text__vectorizer__ngram_range": [
        1,
        2
      ],
      "select__k": 1515,
      "select__score_func": "f_classif"
    },
    "best_cv_score": 0.6311769988987076,
    "split_mode": "random"
  },
  "performance_summary": {
    "test_metrics": {
      "accuracy": 0.6238461538461538,
      "mae": 0.5776923076923077,
      "macro_f1": 0.6088833652092005,
      "macro_precision": 0.6113804331117948,
      "macro_recall": 0.6123360608214773,
      "weighted_f1": 0.6185689304420556,
      "weighted_precision": 0.6189560093452826,
      "weighted_recall": 0.6238461538461538
    },
    "test_confusion_matrix": [
      [
        181,
        62,
        159
      ],
      [
        37,
        200,
        62
      ],
      [
        103,
        66,
        430
      ]
    ],
    "test_confidence_mean": 0.9582213700232062,
    "test_confidence_std": 0.10027650406327503,
    "classification_report_dict": {
      "0": {
        "precision": 0.5638629283489096,
        "recall": 0.4502487562189055,
        "f1-score": 0.5006915629322268,
        "support": 402.0
      },
      "1": {
        "precision": 0.6097560975609756,
        "recall": 0.6688963210702341,
        "f1-score": 0.6379585326953748,
        "support": 299.0
      },
      "2": {
        "precision": 0.6605222734254992,
        "recall": 0.7178631051752922,
        "f1-score": 0.688,
        "support": 599.0
      },
      "accuracy": 0.6238461538461538,
      "macro avg": {
        "precision": 0.6113804331117948,
        "recall": 0.6123360608214773,
        "f1-score": 0.6088833652092005,
        "support": 1300.0
      },
      "weighted avg": {
        "precision": 0.6189560093452826,
        "recall": 0.6238461538461538,
        "f1-score": 0.6185689304420556,
        "support": 1300.0
      }
    },
    "classification_report_text": "              precision    recall  f1-score   support\n\n           0      0.564     0.450     0.501       402\n           1      0.610     0.669     0.638       299\n           2      0.661     0.718     0.688       599\n\n    accuracy                          0.624      1300\n   macro avg      0.611     0.612     0.609      1300\nweighted avg      0.619     0.624     0.619      1300\n"
  },
  "timing": {
    "run_time_seconds": 35.57699012756348,
    "run_time_minutes": 0.5929498354593913
  },
  "analysis_info": {
    "train_class_distribution": {
      "2": 10240,
      "0": 9750,
      "1": 7988
    },
    "test_class_distribution": {
      "2": 599,
      "0": 402,
      "1": 299
    },
    "pred_class_distribution": {
      "2": 651,
      "1": 328,
      "0": 321
    },
    "class_0_avg_probability": 0.24363408371662584,
    "class_1_avg_probability": 0.25433528272696304,
    "class_2_avg_probability": 0.5020306335564122,
    "brand_removal_enabled": true
  }
}