{
  "experiment_setup": {
    "config": {
      "classifier_type": "rf",
      "embedding_type": "tfidf",
      "brand_removal": false,
      "use_select_kbest": true,
      "use_smote": false,
      "use_scaler": true,
      "use_lexical_syntactic": false,
      "use_vader_sentiment": false,
      "use_lda": false,
      "use_bias_features": false,
      "save_interesting_articles": false,
      "lexical_csv_path": "precomputed_lexical_default.csv",
      "sentiment_csv_path": "precomputed_sentiment_default.csv",
      "bias_csv_path": "precomputed_bias_default.csv"
    },
    "best_params": {
      "clf__class_weight": "balanced",
      "clf__max_depth": 15,
      "clf__min_samples_leaf": 1,
      "clf__min_samples_split": 5,
      "clf__n_estimators": 500,
      "features__text__vectorizer__max_df": 0.8,
      "features__text__vectorizer__max_features": 5000,
      "features__text__vectorizer__min_df": 1,
      "features__text__vectorizer__ngram_range": [
        1,
        2
      ],
      "select__k": 637,
      "select__score_func": "f_classif"
    },
    "best_cv_score": 0.7193660514473326,
    "split_mode": "media"
  },
  "performance_summary": {
    "test_metrics": {
      "accuracy": 0.4869230769230769,
      "mae": 0.786923076923077,
      "macro_f1": 0.4410879165819191,
      "macro_precision": 0.47608682534491886,
      "macro_recall": 0.4495413582243351,
      "weighted_f1": 0.4717331286827238,
      "weighted_precision": 0.48866399001178673,
      "weighted_recall": 0.4869230769230769
    },
    "test_confusion_matrix": [
      [
        238,
        17,
        147
      ],
      [
        109,
        58,
        132
      ],
      [
        209,
        53,
        337
      ]
    ],
    "test_confidence_mean": 0.43179528247674975,
    "test_confidence_std": 0.07215491473829111,
    "classification_report_dict": {
      "0": {
        "precision": 0.42805755395683454,
        "recall": 0.5920398009950248,
        "f1-score": 0.4968684759916493,
        "support": 402.0
      },
      "1": {
        "precision": 0.453125,
        "recall": 0.1939799331103679,
        "f1-score": 0.2716627634660422,
        "support": 299.0
      },
      "2": {
        "precision": 0.547077922077922,
        "recall": 0.5626043405676127,
        "f1-score": 0.5547325102880658,
        "support": 599.0
      },
      "accuracy": 0.4869230769230769,
      "macro avg": {
        "precision": 0.47608682534491886,
        "recall": 0.4495413582243351,
        "f1-score": 0.4410879165819191,
        "support": 1300.0
      },
      "weighted avg": {
        "precision": 0.48866399001178673,
        "recall": 0.4869230769230769,
        "f1-score": 0.4717331286827238,
        "support": 1300.0
      }
    },
    "classification_report_text": "              precision    recall  f1-score   support\n\n           0      0.428     0.592     0.497       402\n           1      0.453     0.194     0.272       299\n           2      0.547     0.563     0.555       599\n\n    accuracy                          0.487      1300\n   macro avg      0.476     0.450     0.441      1300\nweighted avg      0.489     0.487     0.472      1300\n"
  },
  "timing": {
    "run_time_seconds": 89.70674991607666,
    "run_time_minutes": 1.4951124986012776
  },
  "analysis_info": {
    "train_class_distribution": {
      "2": 10241,
      "0": 8861,
      "1": 7488
    },
    "test_class_distribution": {
      "2": 599,
      "0": 402,
      "1": 299
    },
    "pred_class_distribution": {
      "2": 616,
      "0": 556,
      "1": 128
    },
    "class_0_avg_probability": 0.352143932112332,
    "class_1_avg_probability": 0.2870615579168311,
    "class_2_avg_probability": 0.36079450997083823,
    "rf_avg_tree_depth": 15.0
  }
}