{
  "experiment_setup": {
    "config": {
      "classifier_type": "nb",
      "embedding_type": "tfidf",
      "use_select_kbest": true,
      "brand_removal": true,
      "use_lexical_syntactic": false,
      "use_vader_sentiment": true,
      "use_smote": true,
      "use_scaler": true,
      "use_lda": false,
      "save_interesting_articles": false,
      "use_bias_features": false,
      "lexical_csv_path": "precomputed_lexical_custom.csv",
      "sentiment_csv_path": "precomputed_sentiment_custom.csv",
      "bias_csv_path": "precomputed_bias_custom.csv",
      "results_dir": "experiments/nb/tfidf_kbest_brand_vader_smote_scaler"
    },
    "best_params": {
      "clf__alpha": 0.052150266974116635,
      "clf__fit_prior": false,
      "features__text__vectorizer__max_df": 0.8,
      "features__text__vectorizer__max_features": 10000,
      "features__text__vectorizer__min_df": 1,
      "features__text__vectorizer__ngram_range": [
        1,
        2
      ],
      "select__k": 1800,
      "select__score_func": "f_classif"
    },
    "best_cv_score": 0.664285836357668,
    "split_mode": "media"
  },
  "performance_summary": {
    "test_metrics": {
      "accuracy": 0.5084615384615384,
      "mae": 0.7607692307692308,
      "macro_f1": 0.4444427282338787,
      "macro_precision": 0.5143293443519275,
      "macro_recall": 0.448683008224706,
      "weighted_f1": 0.48237088571736914,
      "weighted_precision": 0.5130766938962106,
      "weighted_recall": 0.5084615384615384
    },
    "test_confusion_matrix": [
      [
        190,
        14,
        198
      ],
      [
        68,
        52,
        179
      ],
      [
        152,
        28,
        419
      ]
    ],
    "test_confidence_mean": 0.6443365574621528,
    "test_confidence_std": 0.16468828683376965,
    "classification_report_dict": {
      "0": {
        "precision": 0.4634146341463415,
        "recall": 0.472636815920398,
        "f1-score": 0.46798029556650245,
        "support": 402.0
      },
      "1": {
        "precision": 0.5531914893617021,
        "recall": 0.17391304347826086,
        "f1-score": 0.26463104325699743,
        "support": 299.0
      },
      "2": {
        "precision": 0.5263819095477387,
        "recall": 0.6994991652754591,
        "f1-score": 0.6007168458781362,
        "support": 599.0
      },
      "accuracy": 0.5084615384615384,
      "macro avg": {
        "precision": 0.5143293443519275,
        "recall": 0.448683008224706,
        "f1-score": 0.4444427282338787,
        "support": 1300.0
      },
      "weighted avg": {
        "precision": 0.5130766938962106,
        "recall": 0.5084615384615384,
        "f1-score": 0.48237088571736914,
        "support": 1300.0
      }
    },
    "classification_report_text": "              precision    recall  f1-score   support\n\n           0      0.463     0.473     0.468       402\n           1      0.553     0.174     0.265       299\n           2      0.526     0.699     0.601       599\n\n    accuracy                          0.508      1300\n   macro avg      0.514     0.449     0.444      1300\nweighted avg      0.513     0.508     0.482      1300\n"
  },
  "timing": {
    "run_time_seconds": 123.93734788894653,
    "run_time_minutes": 2.0656224648157755
  },
  "analysis_info": {
    "train_class_distribution": {
      "2": 10241,
      "0": 8861,
      "1": 7488
    },
    "test_class_distribution": {
      "2": 599,
      "0": 402,
      "1": 299
    },
    "pred_class_distribution": {
      "2": 796,
      "0": 410,
      "1": 94
    },
    "class_0_avg_probability": 0.33410883823514664,
    "class_1_avg_probability": 0.14998765150483132,
    "class_2_avg_probability": 0.5159035102600221,
    "brand_removal_enabled": true
  }
}