{
  "experiment_setup": {
    "config": {
      "classifier_type": "nb",
      "embedding_type": "tfidf",
      "brand_removal": true,
      "use_select_kbest": true,
      "use_lexical_syntactic": false,
      "use_vader_sentiment": false,
      "use_smote": false,
      "use_lda": false,
      "save_interesting_articles": false,
      "use_scaler": false,
      "use_bias_features": false,
      "lexical_csv_path": "precomputed_lexical_custom.csv",
      "sentiment_csv_path": "precomputed_sentiment_custom.csv",
      "bias_csv_path": "precomputed_bias_custom.csv"
    },
    "best_params": {
      "clf__alpha": 0.052150266974116635,
      "clf__fit_prior": false,
      "features__text__vectorizer__max_df": 0.8,
      "features__text__vectorizer__max_features": 10000,
      "features__text__vectorizer__min_df": 1,
      "features__text__vectorizer__ngram_range": [
        1,
        2
      ],
      "select__k": 1800,
      "select__score_func": "chi2"
    },
    "best_cv_score": 0.6529915843488979,
    "split_mode": "media"
  },
  "performance_summary": {
    "test_metrics": {
      "accuracy": 0.5207692307692308,
      "mae": 0.7061538461538461,
      "macro_f1": 0.5106210312883871,
      "macro_precision": 0.5090982543480916,
      "macro_recall": 0.5143438109164027,
      "weighted_f1": 0.521894924468601,
      "weighted_precision": 0.525487683399077,
      "weighted_recall": 0.5207692307692308
    },
    "test_confusion_matrix": [
      [
        220,
        66,
        116
      ],
      [
        53,
        139,
        107
      ],
      [
        179,
        102,
        318
      ]
    ],
    "test_confidence_mean": 0.44544124430665727,
    "test_confidence_std": 0.08903010296341886,
    "classification_report_dict": {
      "0": {
        "precision": 0.48672566371681414,
        "recall": 0.5472636815920398,
        "f1-score": 0.5152224824355972,
        "support": 402.0
      },
      "1": {
        "precision": 0.4527687296416938,
        "recall": 0.46488294314381273,
        "f1-score": 0.45874587458745875,
        "support": 299.0
      },
      "2": {
        "precision": 0.5878003696857671,
        "recall": 0.5308848080133556,
        "f1-score": 0.5578947368421052,
        "support": 599.0
      },
      "accuracy": 0.5207692307692308,
      "macro avg": {
        "precision": 0.5090982543480916,
        "recall": 0.5143438109164027,
        "f1-score": 0.5106210312883871,
        "support": 1300.0
      },
      "weighted avg": {
        "precision": 0.525487683399077,
        "recall": 0.5207692307692308,
        "f1-score": 0.521894924468601,
        "support": 1300.0
      }
    },
    "classification_report_text": "              precision    recall  f1-score   support\n\n           0      0.487     0.547     0.515       402\n           1      0.453     0.465     0.459       299\n           2      0.588     0.531     0.558       599\n\n    accuracy                          0.521      1300\n   macro avg      0.509     0.514     0.511      1300\nweighted avg      0.525     0.521     0.522      1300\n"
  },
  "timing": {
    "run_time_seconds": 103.83673143386841,
    "run_time_minutes": 1.7306121905644736
  },
  "analysis_info": {
    "train_class_distribution": {
      "2": 10241,
      "0": 8861,
      "1": 7488
    },
    "test_class_distribution": {
      "2": 599,
      "0": 402,
      "1": 299
    },
    "pred_class_distribution": {
      "2": 541,
      "0": 452,
      "1": 307
    },
    "class_0_avg_probability": 0.32354166512539934,
    "class_1_avg_probability": 0.30675886364710386,
    "class_2_avg_probability": 0.36969947122749675,
    "brand_removal_enabled": true
  }
}