{
  "experiment_setup": {
    "config": {
      "classifier_type": "nb",
      "embedding_type": "tfidf",
      "use_select_kbest": true,
      "brand_removal": false,
      "use_lexical_syntactic": true,
      "use_vader_sentiment": false,
      "use_smote": true,
      "use_scaler": false,
      "use_lda": false,
      "save_interesting_articles": false,
      "use_bias_features": false,
      "lexical_csv_path": "precomputed_lexical_default.csv",
      "sentiment_csv_path": "precomputed_sentiment_default.csv",
      "bias_csv_path": "precomputed_bias_default.csv",
      "results_dir": "experiments/nb/tfidf_kbest_lex_smote"
    },
    "best_params": {
      "clf__alpha": 0.024682044079890133,
      "clf__fit_prior": true,
      "features__text__vectorizer__max_df": 0.8,
      "features__text__vectorizer__max_features": 10000,
      "features__text__vectorizer__min_df": 1,
      "features__text__vectorizer__ngram_range": [
        1,
        2
      ],
      "select__k": 900,
      "select__score_func": "chi2"
    },
    "best_cv_score": 0.6145631051285572,
    "split_mode": "random"
  },
  "performance_summary": {
    "test_metrics": {
      "accuracy": 0.6023076923076923,
      "mae": 0.5815384615384616,
      "macro_f1": 0.5995418845834358,
      "macro_precision": 0.5974075823166732,
      "macro_recall": 0.6227897452786653,
      "weighted_f1": 0.6015936517626268,
      "weighted_precision": 0.6188481294463113,
      "weighted_recall": 0.6023076923076923
    },
    "test_confusion_matrix": [
      [
        213,
        90,
        99
      ],
      [
        22,
        231,
        46
      ],
      [
        140,
        120,
        339
      ]
    ],
    "test_confidence_mean": 0.4384355020492222,
    "test_confidence_std": 0.08011226238005893,
    "classification_report_dict": {
      "0": {
        "precision": 0.568,
        "recall": 0.5298507462686567,
        "f1-score": 0.5482625482625483,
        "support": 402.0
      },
      "1": {
        "precision": 0.5238095238095238,
        "recall": 0.7725752508361204,
        "f1-score": 0.6243243243243243,
        "support": 299.0
      },
      "2": {
        "precision": 0.7004132231404959,
        "recall": 0.5659432387312187,
        "f1-score": 0.6260387811634349,
        "support": 599.0
      },
      "accuracy": 0.6023076923076923,
      "macro avg": {
        "precision": 0.5974075823166732,
        "recall": 0.6227897452786653,
        "f1-score": 0.5995418845834358,
        "support": 1300.0
      },
      "weighted avg": {
        "precision": 0.6188481294463113,
        "recall": 0.6023076923076923,
        "f1-score": 0.6015936517626268,
        "support": 1300.0
      }
    },
    "classification_report_text": "              precision    recall  f1-score   support\n\n           0      0.568     0.530     0.548       402\n           1      0.524     0.773     0.624       299\n           2      0.700     0.566     0.626       599\n\n    accuracy                          0.602      1300\n   macro avg      0.597     0.623     0.600      1300\nweighted avg      0.619     0.602     0.602      1300\n"
  },
  "timing": {
    "run_time_seconds": 131.14208579063416,
    "run_time_minutes": 2.1857014298439026
  },
  "analysis_info": {
    "train_class_distribution": {
      "2": 10240,
      "0": 9750,
      "1": 7988
    },
    "test_class_distribution": {
      "2": 599,
      "0": 402,
      "1": 299
    },
    "pred_class_distribution": {
      "2": 484,
      "1": 441,
      "0": 375
    },
    "class_0_avg_probability": 0.32078888607962375,
    "class_1_avg_probability": 0.32296430915591523,
    "class_2_avg_probability": 0.3562468047644611
  }
}