{
  "experiment_setup": {
    "config": {
      "classifier_type": "cnb",
      "embedding_type": "tfidf",
      "use_select_kbest": true,
      "brand_removal": true,
      "use_lexical_syntactic": true,
      "use_vader_sentiment": false,
      "use_smote": true,
      "use_scaler": true,
      "use_lda": false,
      "save_interesting_articles": false,
      "use_bias_features": false,
      "lexical_csv_path": "precomputed_lexical_custom.csv",
      "sentiment_csv_path": "precomputed_sentiment_custom.csv",
      "bias_csv_path": "precomputed_bias_custom.csv",
      "results_dir": "experiments/cnb/tfidf_kbest_brand_lex_smote_scaler"
    },
    "best_params": {
      "clf__alpha": 1.7052641538983098,
      "clf__fit_prior": false,
      "clf__norm": false,
      "features__text__vectorizer__max_df": 0.8,
      "features__text__vectorizer__max_features": 10000,
      "features__text__vectorizer__min_df": 1,
      "features__text__vectorizer__ngram_range": [
        1,
        2
      ],
      "select__k": 1515,
      "select__score_func": "f_classif"
    },
    "best_cv_score": 0.6309681740772219,
    "split_mode": "random"
  },
  "performance_summary": {
    "test_metrics": {
      "accuracy": 0.6269230769230769,
      "mae": 0.5684615384615385,
      "macro_f1": 0.6128847077334404,
      "macro_precision": 0.6128663003663003,
      "macro_recall": 0.6226773866155529,
      "weighted_f1": 0.6212727823376663,
      "weighted_precision": 0.6237751831501831,
      "weighted_recall": 0.6269230769230769
    },
    "test_confusion_matrix": [
      [
        178,
        74,
        150
      ],
      [
        30,
        216,
        53
      ],
      [
        104,
        74,
        421
      ]
    ],
    "test_confidence_mean": 0.9565418372030864,
    "test_confidence_std": 0.10746151498614294,
    "classification_report_dict": {
      "0": {
        "precision": 0.5705128205128205,
        "recall": 0.4427860696517413,
        "f1-score": 0.49859943977591037,
        "support": 402.0
      },
      "1": {
        "precision": 0.5934065934065934,
        "recall": 0.7224080267558528,
        "f1-score": 0.6515837104072398,
        "support": 299.0
      },
      "2": {
        "precision": 0.6746794871794872,
        "recall": 0.7028380634390651,
        "f1-score": 0.6884709730171709,
        "support": 599.0
      },
      "accuracy": 0.6269230769230769,
      "macro avg": {
        "precision": 0.6128663003663003,
        "recall": 0.6226773866155529,
        "f1-score": 0.6128847077334404,
        "support": 1300.0
      },
      "weighted avg": {
        "precision": 0.6237751831501831,
        "recall": 0.6269230769230769,
        "f1-score": 0.6212727823376663,
        "support": 1300.0
      }
    },
    "classification_report_text": "              precision    recall  f1-score   support\n\n           0      0.571     0.443     0.499       402\n           1      0.593     0.722     0.652       299\n           2      0.675     0.703     0.688       599\n\n    accuracy                          0.627      1300\n   macro avg      0.613     0.623     0.613      1300\nweighted avg      0.624     0.627     0.621      1300\n"
  },
  "timing": {
    "run_time_seconds": 67.74830675125122,
    "run_time_minutes": 1.129138445854187
  },
  "analysis_info": {
    "train_class_distribution": {
      "2": 10240,
      "0": 9750,
      "1": 7988
    },
    "test_class_distribution": {
      "2": 599,
      "0": 402,
      "1": 299
    },
    "pred_class_distribution": {
      "2": 624,
      "1": 364,
      "0": 312
    },
    "class_0_avg_probability": 0.2383436733363242,
    "class_1_avg_probability": 0.27941174018093234,
    "class_2_avg_probability": 0.48224458648274565,
    "brand_removal_enabled": true
  }
}