{
  "experiment_setup": {
    "config": {
      "classifier_type": "svm",
      "embedding_type": "tfidf",
      "use_select_kbest": true,
      "brand_removal": true,
      "use_lexical_syntactic": true,
      "use_vader_sentiment": true,
      "use_smote": false,
      "use_scaler": true,
      "use_lda": false,
      "save_interesting_articles": false,
      "use_bias_features": false,
      "lexical_csv_path": "precomputed_lexical_custom.csv",
      "sentiment_csv_path": "precomputed_sentiment_custom.csv",
      "bias_csv_path": "precomputed_bias_custom.csv",
      "results_dir": "experiments/svm/tfidf_kbest_brand_lex_vader_scaler"
    },
    "best_params": {
      "clf__C": 0.00195172246414495,
      "clf__class_weight": null,
      "clf__kernel": "linear",
      "clf__max_iter": 500,
      "features__text__vectorizer__max_df": 0.8,
      "features__text__vectorizer__max_features": 10000,
      "features__text__vectorizer__min_df": 1,
      "features__text__vectorizer__ngram_range": [
        1,
        2
      ],
      "select__k": 1987,
      "select__score_func": "f_classif"
    },
    "best_cv_score": 0.5585725501207885,
    "split_mode": "media"
  },
  "performance_summary": {
    "test_metrics": {
      "accuracy": 0.4338461538461538,
      "mae": 0.8253846153846154,
      "macro_f1": 0.4116291056219556,
      "macro_precision": 0.4129835913814892,
      "macro_recall": 0.413181254084165,
      "weighted_f1": 0.43491133397451115,
      "weighted_precision": 0.43892787921673265,
      "weighted_recall": 0.4338461538461538
    },
    "test_confusion_matrix": [
      [
        182,
        91,
        129
      ],
      [
        85,
        89,
        125
      ],
      [
        208,
        98,
        293
      ]
    ],
    "test_confidence_mean": 0.4946909034083033,
    "test_confidence_std": 0.13714910016699136,
    "classification_report_dict": {
      "0": {
        "precision": 0.3831578947368421,
        "recall": 0.4527363184079602,
        "f1-score": 0.4150513112884835,
        "support": 402.0
      },
      "1": {
        "precision": 0.32014388489208634,
        "recall": 0.2976588628762542,
        "f1-score": 0.30849220103986136,
        "support": 299.0
      },
      "2": {
        "precision": 0.5356489945155393,
        "recall": 0.48914858096828046,
        "f1-score": 0.5113438045375218,
        "support": 599.0
      },
      "accuracy": 0.4338461538461538,
      "macro avg": {
        "precision": 0.4129835913814892,
        "recall": 0.413181254084165,
        "f1-score": 0.4116291056219556,
        "support": 1300.0
      },
      "weighted avg": {
        "precision": 0.43892787921673265,
        "recall": 0.4338461538461538,
        "f1-score": 0.43491133397451115,
        "support": 1300.0
      }
    },
    "classification_report_text": "              precision    recall  f1-score   support\n\n           0      0.383     0.453     0.415       402\n           1      0.320     0.298     0.308       299\n           2      0.536     0.489     0.511       599\n\n    accuracy                          0.434      1300\n   macro avg      0.413     0.413     0.412      1300\nweighted avg      0.439     0.434     0.435      1300\n"
  },
  "timing": {
    "run_time_seconds": 810.4192202091217,
    "run_time_minutes": 13.506987003485362
  },
  "analysis_info": {
    "train_class_distribution": {
      "2": 10241,
      "0": 8861,
      "1": 7488
    },
    "test_class_distribution": {
      "2": 599,
      "0": 402,
      "1": 299
    },
    "pred_class_distribution": {
      "2": 547,
      "0": 475,
      "1": 278
    },
    "class_0_avg_probability": 0.28794232668207115,
    "class_1_avg_probability": 0.2617053949824703,
    "class_2_avg_probability": 0.4503522783354586,
    "svm_num_support_vectors": 2655,
    "brand_removal_enabled": true
  }
}