{
  "experiment_setup": {
    "config": {
      "classifier_type": "svm",
      "embedding_type": "tfidf",
      "use_select_kbest": true,
      "brand_removal": false,
      "use_lexical_syntactic": true,
      "use_vader_sentiment": true,
      "use_smote": true,
      "use_scaler": true,
      "use_lda": false,
      "save_interesting_articles": false,
      "use_bias_features": false,
      "lexical_csv_path": "precomputed_lexical_default.csv",
      "sentiment_csv_path": "precomputed_sentiment_default.csv",
      "bias_csv_path": "precomputed_bias_default.csv",
      "results_dir": "experiments/svm/tfidf_kbest_lex_vader_smote_scaler"
    },
    "best_params": {
      "clf__C": 0.00195172246414495,
      "clf__class_weight": null,
      "clf__kernel": "linear",
      "clf__max_iter": 500,
      "features__text__vectorizer__max_df": 0.8,
      "features__text__vectorizer__max_features": 10000,
      "features__text__vectorizer__min_df": 1,
      "features__text__vectorizer__ngram_range": [
        1,
        2
      ],
      "select__k": 1987,
      "select__score_func": "f_classif"
    },
    "best_cv_score": 0.5702628021002303,
    "split_mode": "media"
  },
  "performance_summary": {
    "test_metrics": {
      "accuracy": 0.4153846153846154,
      "mae": 0.8638461538461538,
      "macro_f1": 0.38181613409812076,
      "macro_precision": 0.38729726082807026,
      "macro_recall": 0.3893346012468409,
      "weighted_f1": 0.410049819331897,
      "weighted_precision": 0.4162993006287795,
      "weighted_recall": 0.4153846153846154
    },
    "test_confusion_matrix": [
      [
        207,
        61,
        134
      ],
      [
        119,
        58,
        122
      ],
      [
        229,
        95,
        275
      ]
    ],
    "test_confidence_mean": 0.5139444857456631,
    "test_confidence_std": 0.15334314381232714,
    "classification_report_dict": {
      "0": {
        "precision": 0.372972972972973,
        "recall": 0.5149253731343284,
        "f1-score": 0.43260188087774293,
        "support": 402.0
      },
      "1": {
        "precision": 0.27102803738317754,
        "recall": 0.1939799331103679,
        "f1-score": 0.22612085769980506,
        "support": 299.0
      },
      "2": {
        "precision": 0.5178907721280602,
        "recall": 0.4590984974958264,
        "f1-score": 0.48672566371681414,
        "support": 599.0
      },
      "accuracy": 0.4153846153846154,
      "macro avg": {
        "precision": 0.38729726082807026,
        "recall": 0.3893346012468409,
        "f1-score": 0.38181613409812076,
        "support": 1300.0
      },
      "weighted avg": {
        "precision": 0.4162993006287795,
        "recall": 0.4153846153846154,
        "f1-score": 0.410049819331897,
        "support": 1300.0
      }
    },
    "classification_report_text": "              precision    recall  f1-score   support\n\n           0      0.373     0.515     0.433       402\n           1      0.271     0.194     0.226       299\n           2      0.518     0.459     0.487       599\n\n    accuracy                          0.415      1300\n   macro avg      0.387     0.389     0.382      1300\nweighted avg      0.416     0.415     0.410      1300\n"
  },
  "timing": {
    "run_time_seconds": 1066.4132430553436,
    "run_time_minutes": 17.773554050922392
  },
  "analysis_info": {
    "train_class_distribution": {
      "2": 10241,
      "0": 8861,
      "1": 7488
    },
    "test_class_distribution": {
      "2": 599,
      "0": 402,
      "1": 299
    },
    "pred_class_distribution": {
      "0": 555,
      "2": 531,
      "1": 214
    },
    "class_0_avg_probability": 0.2966497920153712,
    "class_1_avg_probability": 0.2712605305164395,
    "class_2_avg_probability": 0.4320896774681892,
    "svm_num_support_vectors": 2652
  }
}