{
  "experiment_setup": {
    "config": {
      "classifier_type": "svm",
      "embedding_type": "tfidf",
      "use_select_kbest": true,
      "brand_removal": true,
      "use_lexical_syntactic": true,
      "use_vader_sentiment": true,
      "use_smote": true,
      "use_scaler": false,
      "use_lda": false,
      "save_interesting_articles": false,
      "use_bias_features": false,
      "lexical_csv_path": "precomputed_lexical_custom.csv",
      "sentiment_csv_path": "precomputed_sentiment_custom.csv",
      "bias_csv_path": "precomputed_bias_custom.csv",
      "results_dir": "experiments/svm/tfidf_kbest_brand_lex_vader_smote"
    },
    "best_params": {
      "clf__C": 0.08454394570684996,
      "clf__class_weight": "balanced",
      "clf__kernel": "linear",
      "clf__max_iter": 500,
      "features__text__vectorizer__max_df": 0.8,
      "features__text__vectorizer__max_features": 5000,
      "features__text__vectorizer__min_df": 1,
      "features__text__vectorizer__ngram_range": [
        1,
        2
      ],
      "select__k": 1663,
      "select__score_func": "f_classif"
    },
    "best_cv_score": 0.3726976855016514,
    "split_mode": "random"
  },
  "performance_summary": {
    "test_metrics": {
      "accuracy": 0.39615384615384613,
      "mae": 0.9784615384615385,
      "macro_f1": 0.30886116015441917,
      "macro_precision": 0.4340704518956195,
      "macro_recall": 0.3390773522704418,
      "weighted_f1": 0.3604540586011174,
      "weighted_precision": 0.43519269037989,
      "weighted_recall": 0.39615384615384613
    },
    "test_confusion_matrix": [
      [
        172,
        6,
        224
      ],
      [
        166,
        10,
        123
      ],
      [
        263,
        3,
        333
      ]
    ],
    "test_confidence_mean": 0.39943528981929605,
    "test_confidence_std": 0.06611652046364525,
    "classification_report_dict": {
      "0": {
        "precision": 0.28618968386023297,
        "recall": 0.42786069651741293,
        "f1-score": 0.34297108673978066,
        "support": 402.0
      },
      "1": {
        "precision": 0.5263157894736842,
        "recall": 0.033444816053511704,
        "f1-score": 0.06289308176100629,
        "support": 299.0
      },
      "2": {
        "precision": 0.48970588235294116,
        "recall": 0.5559265442404007,
        "f1-score": 0.5207193119624707,
        "support": 599.0
      },
      "accuracy": 0.39615384615384613,
      "macro avg": {
        "precision": 0.4340704518956195,
        "recall": 0.3390773522704418,
        "f1-score": 0.30886116015441917,
        "support": 1300.0
      },
      "weighted avg": {
        "precision": 0.43519269037989,
        "recall": 0.39615384615384613,
        "f1-score": 0.3604540586011174,
        "support": 1300.0
      }
    },
    "classification_report_text": "              precision    recall  f1-score   support\n\n           0      0.286     0.428     0.343       402\n           1      0.526     0.033     0.063       299\n           2      0.490     0.556     0.521       599\n\n    accuracy                          0.396      1300\n   macro avg      0.434     0.339     0.309      1300\nweighted avg      0.435     0.396     0.360      1300\n"
  },
  "timing": {
    "run_time_seconds": 1182.14471077919,
    "run_time_minutes": 19.702411846319833
  },
  "analysis_info": {
    "train_class_distribution": {
      "2": 10240,
      "0": 9750,
      "1": 7988
    },
    "test_class_distribution": {
      "2": 599,
      "0": 402,
      "1": 299
    },
    "pred_class_distribution": {
      "2": 680,
      "0": 601,
      "1": 19
    },
    "class_0_avg_probability": 0.2596564841810973,
    "class_1_avg_probability": 0.33418535729884596,
    "class_2_avg_probability": 0.4061581585200566,
    "svm_num_support_vectors": 2738,
    "brand_removal_enabled": true
  }
}