{
  "experiment_setup": {
    "config": {
      "classifier_type": "svm",
      "embedding_type": "tfidf",
      "use_select_kbest": true,
      "brand_removal": true,
      "use_lexical_syntactic": true,
      "use_vader_sentiment": false,
      "use_smote": false,
      "use_scaler": true,
      "use_lda": false,
      "save_interesting_articles": false,
      "use_bias_features": false,
      "lexical_csv_path": "precomputed_lexical_custom.csv",
      "sentiment_csv_path": "precomputed_sentiment_custom.csv",
      "bias_csv_path": "precomputed_bias_custom.csv",
      "results_dir": "experiments/svm/tfidf_kbest_brand_lex_scaler"
    },
    "best_params": {
      "clf__C": 0.00195172246414495,
      "clf__class_weight": null,
      "clf__kernel": "linear",
      "clf__max_iter": 500,
      "features__text__vectorizer__max_df": 0.8,
      "features__text__vectorizer__max_features": 10000,
      "features__text__vectorizer__min_df": 1,
      "features__text__vectorizer__ngram_range": [
        1,
        2
      ],
      "select__k": 1987,
      "select__score_func": "f_classif"
    },
    "best_cv_score": 0.5152472319326712,
    "split_mode": "random"
  },
  "performance_summary": {
    "test_metrics": {
      "accuracy": 0.47846153846153844,
      "mae": 0.7838461538461539,
      "macro_f1": 0.46542658839675105,
      "macro_precision": 0.4685123630235159,
      "macro_recall": 0.466077197813739,
      "weighted_f1": 0.48153315632238314,
      "weighted_precision": 0.48857612662662336,
      "weighted_recall": 0.47846153846153844
    },
    "test_confusion_matrix": [
      [
        188,
        70,
        144
      ],
      [
        97,
        123,
        79
      ],
      [
        197,
        91,
        311
      ]
    ],
    "test_confidence_mean": 0.45803835938119725,
    "test_confidence_std": 0.11054237793784959,
    "classification_report_dict": {
      "0": {
        "precision": 0.3900414937759336,
        "recall": 0.46766169154228854,
        "f1-score": 0.4253393665158371,
        "support": 402.0
      },
      "1": {
        "precision": 0.43309859154929575,
        "recall": 0.411371237458194,
        "f1-score": 0.4219554030874786,
        "support": 299.0
      },
      "2": {
        "precision": 0.5823970037453183,
        "recall": 0.5191986644407346,
        "f1-score": 0.5489849955869374,
        "support": 599.0
      },
      "accuracy": 0.47846153846153844,
      "macro avg": {
        "precision": 0.4685123630235159,
        "recall": 0.466077197813739,
        "f1-score": 0.46542658839675105,
        "support": 1300.0
      },
      "weighted avg": {
        "precision": 0.48857612662662336,
        "recall": 0.47846153846153844,
        "f1-score": 0.48153315632238314,
        "support": 1300.0
      }
    },
    "classification_report_text": "              precision    recall  f1-score   support\n\n           0      0.390     0.468     0.425       402\n           1      0.433     0.411     0.422       299\n           2      0.582     0.519     0.549       599\n\n    accuracy                          0.478      1300\n   macro avg      0.469     0.466     0.465      1300\nweighted avg      0.489     0.478     0.482      1300\n"
  },
  "timing": {
    "run_time_seconds": 947.6267366409302,
    "run_time_minutes": 15.793778944015504
  },
  "analysis_info": {
    "train_class_distribution": {
      "2": 10240,
      "0": 9750,
      "1": 7988
    },
    "test_class_distribution": {
      "2": 599,
      "0": 402,
      "1": 299
    },
    "pred_class_distribution": {
      "2": 534,
      "0": 482,
      "1": 284
    },
    "class_0_avg_probability": 0.2991493519345091,
    "class_1_avg_probability": 0.2745564576177247,
    "class_2_avg_probability": 0.42629419044776623,
    "svm_num_support_vectors": 2693,
    "brand_removal_enabled": true
  }
}