{
  "experiment_setup": {
    "config": {
      "classifier_type": "svm",
      "embedding_type": "tfidf",
      "use_select_kbest": true,
      "brand_removal": true,
      "use_lexical_syntactic": false,
      "use_vader_sentiment": true,
      "use_smote": true,
      "use_scaler": false,
      "use_lda": false,
      "save_interesting_articles": false,
      "use_bias_features": false,
      "lexical_csv_path": "precomputed_lexical_custom.csv",
      "sentiment_csv_path": "precomputed_sentiment_custom.csv",
      "bias_csv_path": "precomputed_bias_custom.csv",
      "results_dir": "experiments/svm/tfidf_kbest_brand_vader_smote"
    },
    "best_params": {
      "clf__C": 0.00195172246414495,
      "clf__class_weight": null,
      "clf__kernel": "linear",
      "clf__max_iter": 500,
      "features__text__vectorizer__max_df": 0.8,
      "features__text__vectorizer__max_features": 10000,
      "features__text__vectorizer__min_df": 1,
      "features__text__vectorizer__ngram_range": [
        1,
        2
      ],
      "select__k": 1987,
      "select__score_func": "f_classif"
    },
    "best_cv_score": 0.45184237714118847,
    "split_mode": "media"
  },
  "performance_summary": {
    "test_metrics": {
      "accuracy": 0.44076923076923075,
      "mae": 0.8838461538461538,
      "macro_f1": 0.36039555371579307,
      "macro_precision": 0.43339045435581913,
      "macro_recall": 0.37675465328248087,
      "weighted_f1": 0.4051531456068043,
      "weighted_precision": 0.43776532077600605,
      "weighted_recall": 0.44076923076923075
    },
    "test_confusion_matrix": [
      [
        157,
        16,
        229
      ],
      [
        64,
        27,
        208
      ],
      [
        193,
        17,
        389
      ]
    ],
    "test_confidence_mean": 0.36056023387152875,
    "test_confidence_std": 0.027004691898667325,
    "classification_report_dict": {
      "0": {
        "precision": 0.37922705314009664,
        "recall": 0.39054726368159204,
        "f1-score": 0.38480392156862747,
        "support": 402.0
      },
      "1": {
        "precision": 0.45,
        "recall": 0.0903010033444816,
        "f1-score": 0.15041782729805014,
        "support": 299.0
      },
      "2": {
        "precision": 0.47094430992736075,
        "recall": 0.6494156928213689,
        "f1-score": 0.5459649122807018,
        "support": 599.0
      },
      "accuracy": 0.44076923076923075,
      "macro avg": {
        "precision": 0.43339045435581913,
        "recall": 0.37675465328248087,
        "f1-score": 0.36039555371579307,
        "support": 1300.0
      },
      "weighted avg": {
        "precision": 0.43776532077600605,
        "recall": 0.44076923076923075,
        "f1-score": 0.4051531456068043,
        "support": 1300.0
      }
    },
    "classification_report_text": "              precision    recall  f1-score   support\n\n           0      0.379     0.391     0.385       402\n           1      0.450     0.090     0.150       299\n           2      0.471     0.649     0.546       599\n\n    accuracy                          0.441      1300\n   macro avg      0.433     0.377     0.360      1300\nweighted avg      0.438     0.441     0.405      1300\n"
  },
  "timing": {
    "run_time_seconds": 1134.8151152133942,
    "run_time_minutes": 18.91358525355657
  },
  "analysis_info": {
    "train_class_distribution": {
      "2": 10241,
      "0": 8861,
      "1": 7488
    },
    "test_class_distribution": {
      "2": 599,
      "0": 402,
      "1": 299
    },
    "pred_class_distribution": {
      "2": 826,
      "0": 414,
      "1": 60
    },
    "class_0_avg_probability": 0.2950134708063346,
    "class_1_avg_probability": 0.33436826779630746,
    "class_2_avg_probability": 0.3706182613973579,
    "svm_num_support_vectors": 2696,
    "brand_removal_enabled": true
  }
}