{
  "experiment_setup": {
    "config": {
      "classifier_type": "svm",
      "embedding_type": "tfidf",
      "use_select_kbest": true,
      "brand_removal": true,
      "use_lexical_syntactic": false,
      "use_vader_sentiment": true,
      "use_smote": true,
      "use_scaler": true,
      "use_lda": false,
      "save_interesting_articles": false,
      "use_bias_features": false,
      "lexical_csv_path": "precomputed_lexical_custom.csv",
      "sentiment_csv_path": "precomputed_sentiment_custom.csv",
      "bias_csv_path": "precomputed_bias_custom.csv",
      "results_dir": "experiments/svm/tfidf_kbest_brand_vader_smote_scaler"
    },
    "best_params": {
      "clf__C": 0.00195172246414495,
      "clf__class_weight": null,
      "clf__kernel": "linear",
      "clf__max_iter": 500,
      "features__text__vectorizer__max_df": 0.8,
      "features__text__vectorizer__max_features": 10000,
      "features__text__vectorizer__min_df": 1,
      "features__text__vectorizer__ngram_range": [
        1,
        2
      ],
      "select__k": 1987,
      "select__score_func": "f_classif"
    },
    "best_cv_score": 0.5139018065131238,
    "split_mode": "random"
  },
  "performance_summary": {
    "test_metrics": {
      "accuracy": 0.4123076923076923,
      "mae": 0.8661538461538462,
      "macro_f1": 0.3926904493579924,
      "macro_precision": 0.3980299478950475,
      "macro_recall": 0.39562612155534166,
      "weighted_f1": 0.4146427156602274,
      "weighted_precision": 0.4257744119497732,
      "weighted_recall": 0.4123076923076923
    },
    "test_confusion_matrix": [
      [
        185,
        84,
        133
      ],
      [
        116,
        84,
        99
      ],
      [
        229,
        103,
        267
      ]
    ],
    "test_confidence_mean": 0.4650516856440731,
    "test_confidence_std": 0.11940720046413736,
    "classification_report_dict": {
      "0": {
        "precision": 0.3490566037735849,
        "recall": 0.4601990049751244,
        "f1-score": 0.3969957081545064,
        "support": 402.0
      },
      "1": {
        "precision": 0.30996309963099633,
        "recall": 0.2809364548494983,
        "f1-score": 0.29473684210526313,
        "support": 299.0
      },
      "2": {
        "precision": 0.5350701402805611,
        "recall": 0.44574290484140233,
        "f1-score": 0.48633879781420764,
        "support": 599.0
      },
      "accuracy": 0.4123076923076923,
      "macro avg": {
        "precision": 0.3980299478950475,
        "recall": 0.39562612155534166,
        "f1-score": 0.3926904493579924,
        "support": 1300.0
      },
      "weighted avg": {
        "precision": 0.4257744119497732,
        "recall": 0.4123076923076923,
        "f1-score": 0.4146427156602274,
        "support": 1300.0
      }
    },
    "classification_report_text": "              precision    recall  f1-score   support\n\n           0      0.349     0.460     0.397       402\n           1      0.310     0.281     0.295       299\n           2      0.535     0.446     0.486       599\n\n    accuracy                          0.412      1300\n   macro avg      0.398     0.396     0.393      1300\nweighted avg      0.426     0.412     0.415      1300\n"
  },
  "timing": {
    "run_time_seconds": 1013.9562587738037,
    "run_time_minutes": 16.899270979563394
  },
  "analysis_info": {
    "train_class_distribution": {
      "2": 10240,
      "0": 9750,
      "1": 7988
    },
    "test_class_distribution": {
      "2": 599,
      "0": 402,
      "1": 299
    },
    "pred_class_distribution": {
      "0": 530,
      "2": 499,
      "1": 271
    },
    "class_0_avg_probability": 0.29394098570866833,
    "class_1_avg_probability": 0.302608237895656,
    "class_2_avg_probability": 0.4034507763956756,
    "svm_num_support_vectors": 2714,
    "brand_removal_enabled": true
  }
}