{
  "experiment_setup": {
    "config": {
      "classifier_type": "svm",
      "embedding_type": "tfidf",
      "brand_removal": false,
      "use_select_kbest": true,
      "use_lexical_syntactic": false,
      "use_vader_sentiment": true,
      "use_smote": false,
      "use_lda": false,
      "save_interesting_articles": false,
      "use_scaler": false,
      "use_bias_features": false,
      "lexical_csv_path": "precomputed_lexical_default.csv",
      "sentiment_csv_path": "precomputed_sentiment_default.csv",
      "bias_csv_path": "precomputed_bias_default.csv"
    },
    "best_params": {
      "clf__C": 73.92266140516034,
      "clf__class_weight": {
        "0": 1.0,
        "1": 2.0,
        "2": 1.0
      },
      "clf__kernel": "linear",
      "clf__max_iter": 500,
      "features__text__vectorizer__max_df": 0.8,
      "features__text__vectorizer__max_features": 10000,
      "features__text__vectorizer__min_df": 1,
      "features__text__vectorizer__ngram_range": [
        1,
        2
      ],
      "select__k": 986,
      "select__score_func": "f_classif"
    },
    "best_cv_score": 0.37382224047419776,
    "split_mode": "random"
  },
  "performance_summary": {
    "test_metrics": {
      "accuracy": 0.4146153846153846,
      "mae": 0.7946153846153846,
      "macro_f1": 0.38523962272199724,
      "macro_precision": 0.40425297774913055,
      "macro_recall": 0.4035516550724138,
      "weighted_f1": 0.4054603234994628,
      "weighted_precision": 0.4275278705542936,
      "weighted_recall": 0.4146153846153846
    },
    "test_confusion_matrix": [
      [
        81,
        123,
        198
      ],
      [
        45,
        146,
        108
      ],
      [
        74,
        213,
        312
      ]
    ],
    "test_confidence_mean": 0.3579747746920486,
    "test_confidence_std": 0.0306644422382503,
    "classification_report_dict": {
      "0": {
        "precision": 0.405,
        "recall": 0.20149253731343283,
        "f1-score": 0.2691029900332226,
        "support": 402.0
      },
      "1": {
        "precision": 0.3029045643153527,
        "recall": 0.4882943143812709,
        "f1-score": 0.3738796414852753,
        "support": 299.0
      },
      "2": {
        "precision": 0.5048543689320388,
        "recall": 0.5208681135225376,
        "f1-score": 0.5127362366474938,
        "support": 599.0
      },
      "accuracy": 0.4146153846153846,
      "macro avg": {
        "precision": 0.40425297774913055,
        "recall": 0.4035516550724138,
        "f1-score": 0.38523962272199724,
        "support": 1300.0
      },
      "weighted avg": {
        "precision": 0.4275278705542936,
        "recall": 0.4146153846153846,
        "f1-score": 0.4054603234994628,
        "support": 1300.0
      }
    },
    "classification_report_text": "              precision    recall  f1-score   support\n\n           0      0.405     0.201     0.269       402\n           1      0.303     0.488     0.374       299\n           2      0.505     0.521     0.513       599\n\n    accuracy                          0.415      1300\n   macro avg      0.404     0.404     0.385      1300\nweighted avg      0.428     0.415     0.405      1300\n"
  },
  "timing": {
    "run_time_seconds": 718.1143856048584,
    "run_time_minutes": 11.968573093414307
  },
  "analysis_info": {
    "train_class_distribution": {
      "2": 10240,
      "0": 9750,
      "1": 7988
    },
    "test_class_distribution": {
      "2": 599,
      "0": 402,
      "1": 299
    },
    "pred_class_distribution": {
      "2": 618,
      "1": 482,
      "0": 200
    },
    "class_0_avg_probability": 0.33858450903377596,
    "class_1_avg_probability": 0.2956232721692177,
    "class_2_avg_probability": 0.3657922187970063,
    "svm_num_support_vectors": 2569
  }
}