{
  "experiment_setup": {
    "config": {
      "classifier_type": "rf",
      "embedding_type": "tfidf",
      "use_select_kbest": true,
      "use_bias_features": true,
      "use_smote": false,
      "use_lexical_syntactic": false,
      "use_vader_sentiment": false,
      "use_scaler": false,
      "brand_removal": false,
      "save_interesting_articles": false,
      "results_dir": "experiments/rf/tfidf_kbest_bias"
    },
    "best_params": {
      "clf__class_weight": "balanced",
      "clf__max_depth": 15,
      "clf__min_samples_leaf": 1,
      "clf__min_samples_split": 5,
      "clf__n_estimators": 500,
      "features__text__vectorizer__max_df": 0.8,
      "features__text__vectorizer__max_features": 5000,
      "features__text__vectorizer__min_df": 1,
      "features__text__vectorizer__ngram_range": [
        1,
        2
      ],
      "select__k": 637,
      "select__score_func": "chi2"
    },
    "best_cv_score": 0.6774535017381227,
    "split_mode": "random"
  },
  "performance_summary": {
    "test_metrics": {
      "accuracy": 0.6415384615384615,
      "mae": 0.5707692307692308,
      "macro_f1": 0.6396471366542876,
      "macro_precision": 0.636742142180792,
      "macro_recall": 0.6495729597638576,
      "weighted_f1": 0.6373980761006453,
      "weighted_precision": 0.6388326569318599,
      "weighted_recall": 0.6415384615384615
    },
    "test_confusion_matrix": [
      [
        201,
        42,
        159
      ],
      [
        17,
        234,
        48
      ],
      [
        117,
        83,
        399
      ]
    ],
    "test_confidence_mean": 0.4540514350774983,
    "test_confidence_std": 0.07429823215991682,
    "classification_report_dict": {
      "0": {
        "precision": 0.6,
        "recall": 0.5,
        "f1-score": 0.5454545454545454,
        "support": 402.0
      },
      "1": {
        "precision": 0.6518105849582173,
        "recall": 0.782608695652174,
        "f1-score": 0.7112462006079028,
        "support": 299.0
      },
      "2": {
        "precision": 0.6584158415841584,
        "recall": 0.666110183639399,
        "f1-score": 0.6622406639004149,
        "support": 599.0
      },
      "accuracy": 0.6415384615384615,
      "macro avg": {
        "precision": 0.636742142180792,
        "recall": 0.6495729597638576,
        "f1-score": 0.6396471366542876,
        "support": 1300.0
      },
      "weighted avg": {
        "precision": 0.6388326569318599,
        "recall": 0.6415384615384615,
        "f1-score": 0.6373980761006453,
        "support": 1300.0
      }
    },
    "classification_report_text": "              precision    recall  f1-score   support\n\n           0      0.600     0.500     0.545       402\n           1      0.652     0.783     0.711       299\n           2      0.658     0.666     0.662       599\n\n    accuracy                          0.642      1300\n   macro avg      0.637     0.650     0.640      1300\nweighted avg      0.639     0.642     0.637      1300\n"
  },
  "timing": {
    "run_time_seconds": 109.60967087745667,
    "run_time_minutes": 1.826827847957611
  },
  "analysis_info": {
    "train_class_distribution": {
      "2": 10240,
      "0": 9750,
      "1": 7988
    },
    "test_class_distribution": {
      "2": 599,
      "0": 402,
      "1": 299
    },
    "pred_class_distribution": {
      "2": 606,
      "1": 359,
      "0": 335
    },
    "class_0_avg_probability": 0.32769130367941307,
    "class_1_avg_probability": 0.32065339671466103,
    "class_2_avg_probability": 0.35165529960592806,
    "rf_avg_tree_depth": 15.0
  }
}