{
  "experiment_setup": {
    "config": {
      "classifier_type": "cnb",
      "embedding_type": "tfidf",
      "use_select_kbest": true,
      "brand_removal": false,
      "use_lexical_syntactic": false,
      "use_vader_sentiment": false,
      "use_smote": true,
      "use_scaler": true,
      "use_lda": false,
      "save_interesting_articles": false,
      "use_bias_features": false,
      "lexical_csv_path": "precomputed_lexical_default.csv",
      "sentiment_csv_path": "precomputed_sentiment_default.csv",
      "bias_csv_path": "precomputed_bias_default.csv",
      "results_dir": "experiments/cnb/tfidf_kbest_smote_scaler"
    },
    "best_params": {
      "clf__alpha": 1.7052641538983098,
      "clf__fit_prior": false,
      "clf__norm": false,
      "features__text__vectorizer__max_df": 0.8,
      "features__text__vectorizer__max_features": 10000,
      "features__text__vectorizer__min_df": 1,
      "features__text__vectorizer__ngram_range": [
        1,
        2
      ],
      "select__k": 1515,
      "select__score_func": "f_classif"
    },
    "best_cv_score": 0.6473974857859062,
    "split_mode": "random"
  },
  "performance_summary": {
    "test_metrics": {
      "accuracy": 0.6538461538461539,
      "mae": 0.5284615384615384,
      "macro_f1": 0.6440028999629851,
      "macro_precision": 0.6403511942411373,
      "macro_recall": 0.6556849673275601,
      "weighted_f1": 0.6505951934785746,
      "weighted_precision": 0.6535168553773867,
      "weighted_recall": 0.6538461538461539
    },
    "test_confusion_matrix": [
      [
        201,
        71,
        130
      ],
      [
        32,
        229,
        38
      ],
      [
        107,
        72,
        420
      ]
    ],
    "test_confidence_mean": 0.9590433712412775,
    "test_confidence_std": 0.10537504402190503,
    "classification_report_dict": {
      "0": {
        "precision": 0.5911764705882353,
        "recall": 0.5,
        "f1-score": 0.5417789757412399,
        "support": 402.0
      },
      "1": {
        "precision": 0.6155913978494624,
        "recall": 0.7658862876254181,
        "f1-score": 0.6825633383010432,
        "support": 299.0
      },
      "2": {
        "precision": 0.7142857142857143,
        "recall": 0.7011686143572621,
        "f1-score": 0.7076663858466723,
        "support": 599.0
      },
      "accuracy": 0.6538461538461539,
      "macro avg": {
        "precision": 0.6403511942411373,
        "recall": 0.6556849673275601,
        "f1-score": 0.6440028999629851,
        "support": 1300.0
      },
      "weighted avg": {
        "precision": 0.6535168553773867,
        "recall": 0.6538461538461539,
        "f1-score": 0.6505951934785746,
        "support": 1300.0
      }
    },
    "classification_report_text": "              precision    recall  f1-score   support\n\n           0      0.591     0.500     0.542       402\n           1      0.616     0.766     0.683       299\n           2      0.714     0.701     0.708       599\n\n    accuracy                          0.654      1300\n   macro avg      0.640     0.656     0.644      1300\nweighted avg      0.654     0.654     0.651      1300\n"
  },
  "timing": {
    "run_time_seconds": 126.1319522857666,
    "run_time_minutes": 2.1021992047627767
  },
  "analysis_info": {
    "train_class_distribution": {
      "2": 10240,
      "0": 9750,
      "1": 7988
    },
    "test_class_distribution": {
      "2": 599,
      "0": 402,
      "1": 299
    },
    "pred_class_distribution": {
      "2": 588,
      "1": 372,
      "0": 340
    },
    "class_0_avg_probability": 0.25865599560658087,
    "class_1_avg_probability": 0.28694971129927704,
    "class_2_avg_probability": 0.4543942930941403
  }
}