{
  "experiment_setup": {
    "config": {
      "classifier_type": "logreg",
      "embedding_type": "tfidf",
      "use_select_kbest": true,
      "use_bias_features": true,
      "use_smote": false,
      "use_lexical_syntactic": false,
      "use_vader_sentiment": false,
      "use_scaler": false,
      "brand_removal": false,
      "save_interesting_articles": false,
      "results_dir": "experiments/logreg/tfidf_kbest_bias"
    },
    "best_params": {
      "clf__C": 1.7965626423790628,
      "clf__class_weight": null,
      "clf__max_iter": 2000,
      "clf__penalty": "l1",
      "clf__solver": "saga",
      "features__text__vectorizer__max_df": 0.8,
      "features__text__vectorizer__max_features": 10000,
      "features__text__vectorizer__min_df": 1,
      "features__text__vectorizer__ngram_range": [
        1,
        2
      ],
      "select__k": 1815,
      "select__score_func": "chi2"
    },
    "best_cv_score": 0.436489632418226,
    "split_mode": "media"
  },
  "performance_summary": {
    "test_metrics": {
      "accuracy": 0.4146153846153846,
      "mae": 0.8661538461538462,
      "macro_f1": 0.4039746221733815,
      "macro_precision": 0.4046777698951612,
      "macro_recall": 0.4097871696638406,
      "weighted_f1": 0.41504318865665096,
      "weighted_precision": 0.4227383534340056,
      "weighted_recall": 0.4146153846153846
    },
    "test_confusion_matrix": [
      [
        196,
        84,
        122
      ],
      [
        67,
        101,
        131
      ],
      [
        243,
        114,
        242
      ]
    ],
    "test_confidence_mean": 0.40877017367273755,
    "test_confidence_std": 0.06842654537687741,
    "classification_report_dict": {
      "0": {
        "precision": 0.38735177865612647,
        "recall": 0.48756218905472637,
        "f1-score": 0.43171806167400884,
        "support": 402.0
      },
      "1": {
        "precision": 0.3377926421404682,
        "recall": 0.3377926421404682,
        "f1-score": 0.3377926421404682,
        "support": 299.0
      },
      "2": {
        "precision": 0.4888888888888889,
        "recall": 0.4040066777963272,
        "f1-score": 0.4424131627056673,
        "support": 599.0
      },
      "accuracy": 0.4146153846153846,
      "macro avg": {
        "precision": 0.4046777698951612,
        "recall": 0.4097871696638406,
        "f1-score": 0.4039746221733815,
        "support": 1300.0
      },
      "weighted avg": {
        "precision": 0.4227383534340056,
        "recall": 0.4146153846153846,
        "f1-score": 0.41504318865665096,
        "support": 1300.0
      }
    },
    "classification_report_text": "              precision    recall  f1-score   support\n\n           0      0.387     0.488     0.432       402\n           1      0.338     0.338     0.338       299\n           2      0.489     0.404     0.442       599\n\n    accuracy                          0.415      1300\n   macro avg      0.405     0.410     0.404      1300\nweighted avg      0.423     0.415     0.415      1300\n"
  },
  "timing": {
    "run_time_seconds": 1779.0206170082092,
    "run_time_minutes": 29.650343616803486
  },
  "analysis_info": {
    "train_class_distribution": {
      "2": 10241,
      "0": 8861,
      "1": 7488
    },
    "test_class_distribution": {
      "2": 599,
      "0": 402,
      "1": 299
    },
    "pred_class_distribution": {
      "0": 506,
      "2": 495,
      "1": 299
    },
    "class_0_avg_probability": 0.3576782572760383,
    "class_1_avg_probability": 0.29643895009997934,
    "class_2_avg_probability": 0.34588279262398236,
    "logreg_n_iter": [
      2000
    ]
  }
}