{
  "experiment_setup": {
    "config": {
      "classifier_type": "svm",
      "embedding_type": "tfidf",
      "use_select_kbest": true,
      "brand_removal": true,
      "use_lexical_syntactic": false,
      "use_vader_sentiment": false,
      "use_smote": true,
      "use_scaler": true,
      "use_lda": false,
      "save_interesting_articles": false,
      "use_bias_features": false,
      "lexical_csv_path": "precomputed_lexical_custom.csv",
      "sentiment_csv_path": "precomputed_sentiment_custom.csv",
      "bias_csv_path": "precomputed_bias_custom.csv",
      "results_dir": "experiments/svm/tfidf_kbest_brand_smote_scaler"
    },
    "best_params": {
      "clf__C": 0.00195172246414495,
      "clf__class_weight": null,
      "clf__kernel": "linear",
      "clf__max_iter": 500,
      "features__text__vectorizer__max_df": 0.8,
      "features__text__vectorizer__max_features": 10000,
      "features__text__vectorizer__min_df": 1,
      "features__text__vectorizer__ngram_range": [
        1,
        2
      ],
      "select__k": 1987,
      "select__score_func": "f_classif"
    },
    "best_cv_score": 0.5192042965374972,
    "split_mode": "random"
  },
  "performance_summary": {
    "test_metrics": {
      "accuracy": 0.4584615384615385,
      "mae": 0.8138461538461539,
      "macro_f1": 0.44690755651363956,
      "macro_precision": 0.4498254957668215,
      "macro_recall": 0.4485442138631155,
      "weighted_f1": 0.4613596980095895,
      "weighted_precision": 0.469202273014998,
      "weighted_recall": 0.4584615384615385
    },
    "test_confusion_matrix": [
      [
        187,
        71,
        144
      ],
      [
        94,
        118,
        87
      ],
      [
        210,
        98,
        291
      ]
    ],
    "test_confidence_mean": 0.4655036943482731,
    "test_confidence_std": 0.11437953578836908,
    "classification_report_dict": {
      "0": {
        "precision": 0.38085539714867617,
        "recall": 0.4651741293532338,
        "f1-score": 0.41881298992161253,
        "support": 402.0
      },
      "1": {
        "precision": 0.41114982578397213,
        "recall": 0.39464882943143814,
        "f1-score": 0.40273037542662116,
        "support": 299.0
      },
      "2": {
        "precision": 0.5574712643678161,
        "recall": 0.48580968280467446,
        "f1-score": 0.5191793041926851,
        "support": 599.0
      },
      "accuracy": 0.4584615384615385,
      "macro avg": {
        "precision": 0.4498254957668215,
        "recall": 0.4485442138631155,
        "f1-score": 0.44690755651363956,
        "support": 1300.0
      },
      "weighted avg": {
        "precision": 0.469202273014998,
        "recall": 0.4584615384615385,
        "f1-score": 0.4613596980095895,
        "support": 1300.0
      }
    },
    "classification_report_text": "              precision    recall  f1-score   support\n\n           0      0.381     0.465     0.419       402\n           1      0.411     0.395     0.403       299\n           2      0.557     0.486     0.519       599\n\n    accuracy                          0.458      1300\n   macro avg      0.450     0.449     0.447      1300\nweighted avg      0.469     0.458     0.461      1300\n"
  },
  "timing": {
    "run_time_seconds": 1108.6637508869171,
    "run_time_minutes": 18.47772918144862
  },
  "analysis_info": {
    "train_class_distribution": {
      "2": 10240,
      "0": 9750,
      "1": 7988
    },
    "test_class_distribution": {
      "2": 599,
      "0": 402,
      "1": 299
    },
    "pred_class_distribution": {
      "2": 522,
      "0": 491,
      "1": 287
    },
    "class_0_avg_probability": 0.29090475634337415,
    "class_1_avg_probability": 0.30427643738921456,
    "class_2_avg_probability": 0.4048188062674112,
    "svm_num_support_vectors": 2690,
    "brand_removal_enabled": true
  }
}