{
  "experiment_setup": {
    "config": {
      "classifier_type": "cnb",
      "embedding_type": "tfidf",
      "use_select_kbest": true,
      "brand_removal": false,
      "use_lexical_syntactic": false,
      "use_vader_sentiment": false,
      "use_smote": true,
      "use_scaler": true,
      "use_lda": false,
      "save_interesting_articles": false,
      "use_bias_features": false,
      "lexical_csv_path": "precomputed_lexical_default.csv",
      "sentiment_csv_path": "precomputed_sentiment_default.csv",
      "bias_csv_path": "precomputed_bias_default.csv",
      "results_dir": "experiments/cnb/tfidf_kbest_smote_scaler"
    },
    "best_params": {
      "clf__alpha": 1.7052641538983098,
      "clf__fit_prior": false,
      "clf__norm": false,
      "features__text__vectorizer__max_df": 0.8,
      "features__text__vectorizer__max_features": 10000,
      "features__text__vectorizer__min_df": 1,
      "features__text__vectorizer__ngram_range": [
        1,
        2
      ],
      "select__k": 1515,
      "select__score_func": "f_classif"
    },
    "best_cv_score": 0.6909202985475684,
    "split_mode": "media"
  },
  "performance_summary": {
    "test_metrics": {
      "accuracy": 0.5269230769230769,
      "mae": 0.7053846153846154,
      "macro_f1": 0.46406749464791935,
      "macro_precision": 0.4974803814652491,
      "macro_recall": 0.4732453508842667,
      "weighted_f1": 0.5065984836660773,
      "weighted_precision": 0.5176786187912388,
      "weighted_recall": 0.5269230769230769
    },
    "test_confusion_matrix": [
      [
        227,
        26,
        149
      ],
      [
        127,
        54,
        118
      ],
      [
        153,
        42,
        404
      ]
    ],
    "test_confidence_mean": 0.9637858419115012,
    "test_confidence_std": 0.09554896748722777,
    "classification_report_dict": {
      "0": {
        "precision": 0.4477317554240631,
        "recall": 0.5646766169154229,
        "f1-score": 0.49944994499449946,
        "support": 402.0
      },
      "1": {
        "precision": 0.4426229508196721,
        "recall": 0.1806020066889632,
        "f1-score": 0.25653206650831356,
        "support": 299.0
      },
      "2": {
        "precision": 0.6020864381520119,
        "recall": 0.674457429048414,
        "f1-score": 0.6362204724409449,
        "support": 599.0
      },
      "accuracy": 0.5269230769230769,
      "macro avg": {
        "precision": 0.4974803814652491,
        "recall": 0.4732453508842667,
        "f1-score": 0.46406749464791935,
        "support": 1300.0
      },
      "weighted avg": {
        "precision": 0.5176786187912388,
        "recall": 0.5269230769230769,
        "f1-score": 0.5065984836660773,
        "support": 1300.0
      }
    },
    "classification_report_text": "              precision    recall  f1-score   support\n\n           0      0.448     0.565     0.499       402\n           1      0.443     0.181     0.257       299\n           2      0.602     0.674     0.636       599\n\n    accuracy                          0.527      1300\n   macro avg      0.497     0.473     0.464      1300\nweighted avg      0.518     0.527     0.507      1300\n"
  },
  "timing": {
    "run_time_seconds": 119.39102530479431,
    "run_time_minutes": 1.9898504217465718
  },
  "analysis_info": {
    "train_class_distribution": {
      "2": 10241,
      "0": 8861,
      "1": 7488
    },
    "test_class_distribution": {
      "2": 599,
      "0": 402,
      "1": 299
    },
    "pred_class_distribution": {
      "2": 671,
      "0": 507,
      "1": 122
    },
    "class_0_avg_probability": 0.39043963823840894,
    "class_1_avg_probability": 0.0964829281123431,
    "class_2_avg_probability": 0.513077433649254
  }
}