{
  "experiment_setup": {
    "config": {
      "classifier_type": "cnb",
      "embedding_type": "tfidf",
      "use_select_kbest": true,
      "brand_removal": true,
      "use_lexical_syntactic": true,
      "use_vader_sentiment": true,
      "use_smote": true,
      "use_scaler": false,
      "use_lda": false,
      "save_interesting_articles": false,
      "use_bias_features": false,
      "lexical_csv_path": "precomputed_lexical_custom.csv",
      "sentiment_csv_path": "precomputed_sentiment_custom.csv",
      "bias_csv_path": "precomputed_bias_custom.csv",
      "results_dir": "experiments/cnb/tfidf_kbest_brand_lex_vader_smote"
    },
    "best_params": {
      "clf__alpha": 1.7052641538983098,
      "clf__fit_prior": false,
      "clf__norm": false,
      "features__text__vectorizer__max_df": 0.8,
      "features__text__vectorizer__max_features": 10000,
      "features__text__vectorizer__min_df": 1,
      "features__text__vectorizer__ngram_range": [
        1,
        2
      ],
      "select__k": 1515,
      "select__score_func": "f_classif"
    },
    "best_cv_score": 0.6593112186353294,
    "split_mode": "media"
  },
  "performance_summary": {
    "test_metrics": {
      "accuracy": 0.5161538461538462,
      "mae": 0.7430769230769231,
      "macro_f1": 0.45137627817954556,
      "macro_precision": 0.5168809179280571,
      "macro_recall": 0.4558840647118861,
      "weighted_f1": 0.48963375285285,
      "weighted_precision": 0.5172584690945653,
      "weighted_recall": 0.5161538461538462
    },
    "test_confusion_matrix": [
      [
        196,
        13,
        193
      ],
      [
        64,
        52,
        183
      ],
      [
        144,
        32,
        423
      ]
    ],
    "test_confidence_mean": 0.52004742064707,
    "test_confidence_std": 0.12506860921042745,
    "classification_report_dict": {
      "0": {
        "precision": 0.48514851485148514,
        "recall": 0.48756218905472637,
        "f1-score": 0.48635235732009924,
        "support": 402.0
      },
      "1": {
        "precision": 0.5360824742268041,
        "recall": 0.17391304347826086,
        "f1-score": 0.26262626262626265,
        "support": 299.0
      },
      "2": {
        "precision": 0.5294117647058824,
        "recall": 0.7061769616026711,
        "f1-score": 0.6051502145922747,
        "support": 599.0
      },
      "accuracy": 0.5161538461538462,
      "macro avg": {
        "precision": 0.5168809179280571,
        "recall": 0.4558840647118861,
        "f1-score": 0.45137627817954556,
        "support": 1300.0
      },
      "weighted avg": {
        "precision": 0.5172584690945653,
        "recall": 0.5161538461538462,
        "f1-score": 0.48963375285285,
        "support": 1300.0
      }
    },
    "classification_report_text": "              precision    recall  f1-score   support\n\n           0      0.485     0.488     0.486       402\n           1      0.536     0.174     0.263       299\n           2      0.529     0.706     0.605       599\n\n    accuracy                          0.516      1300\n   macro avg      0.517     0.456     0.451      1300\nweighted avg      0.517     0.516     0.490      1300\n"
  },
  "timing": {
    "run_time_seconds": 185.28716921806335,
    "run_time_minutes": 3.0881194869677224
  },
  "analysis_info": {
    "train_class_distribution": {
      "2": 10241,
      "0": 8861,
      "1": 7488
    },
    "test_class_distribution": {
      "2": 599,
      "0": 402,
      "1": 299
    },
    "pred_class_distribution": {
      "2": 799,
      "0": 404,
      "1": 97
    },
    "class_0_avg_probability": 0.33978403154933234,
    "class_1_avg_probability": 0.2106533401008786,
    "class_2_avg_probability": 0.44956262834978883,
    "brand_removal_enabled": true
  }
}