{
  "experiment_setup": {
    "config": {
      "classifier_type": "nb",
      "embedding_type": "tfidf",
      "use_select_kbest": true,
      "brand_removal": false,
      "use_lexical_syntactic": true,
      "use_vader_sentiment": false,
      "use_smote": false,
      "use_scaler": true,
      "use_lda": false,
      "save_interesting_articles": false,
      "use_bias_features": false,
      "lexical_csv_path": "precomputed_lexical_default.csv",
      "sentiment_csv_path": "precomputed_sentiment_default.csv",
      "bias_csv_path": "precomputed_bias_default.csv",
      "results_dir": "experiments/nb/tfidf_kbest_lex_scaler"
    },
    "best_params": {
      "clf__alpha": 1.2370108840299017,
      "clf__fit_prior": false,
      "features__text__vectorizer__max_df": 0.8,
      "features__text__vectorizer__max_features": 10000,
      "features__text__vectorizer__min_df": 1,
      "features__text__vectorizer__ngram_range": [
        1,
        2
      ],
      "select__k": 1711,
      "select__score_func": "f_classif"
    },
    "best_cv_score": 0.6875143448499433,
    "split_mode": "media"
  },
  "performance_summary": {
    "test_metrics": {
      "accuracy": 0.5138461538461538,
      "mae": 0.7353846153846154,
      "macro_f1": 0.45036346313564385,
      "macro_precision": 0.49188296011570154,
      "macro_recall": 0.4601882408772326,
      "weighted_f1": 0.49163385210241545,
      "weighted_precision": 0.5071943679701835,
      "weighted_recall": 0.5138461538461538
    },
    "test_confusion_matrix": [
      [
        222,
        21,
        159
      ],
      [
        116,
        50,
        133
      ],
      [
        165,
        38,
        396
      ]
    ],
    "test_confidence_mean": 0.981163719431069,
    "test_confidence_std": 0.07077654600368126,
    "classification_report_dict": {
      "0": {
        "precision": 0.441351888667992,
        "recall": 0.5522388059701493,
        "f1-score": 0.49060773480662984,
        "support": 402.0
      },
      "1": {
        "precision": 0.45871559633027525,
        "recall": 0.16722408026755853,
        "f1-score": 0.24509803921568626,
        "support": 299.0
      },
      "2": {
        "precision": 0.5755813953488372,
        "recall": 0.66110183639399,
        "f1-score": 0.6153846153846154,
        "support": 599.0
      },
      "accuracy": 0.5138461538461538,
      "macro avg": {
        "precision": 0.49188296011570154,
        "recall": 0.4601882408772326,
        "f1-score": 0.45036346313564385,
        "support": 1300.0
      },
      "weighted avg": {
        "precision": 0.5071943679701835,
        "recall": 0.5138461538461538,
        "f1-score": 0.49163385210241545,
        "support": 1300.0
      }
    },
    "classification_report_text": "              precision    recall  f1-score   support\n\n           0      0.441     0.552     0.491       402\n           1      0.459     0.167     0.245       299\n           2      0.576     0.661     0.615       599\n\n    accuracy                          0.514      1300\n   macro avg      0.492     0.460     0.450      1300\nweighted avg      0.507     0.514     0.492      1300\n"
  },
  "timing": {
    "run_time_seconds": 99.88928294181824,
    "run_time_minutes": 1.6648213823636373
  },
  "analysis_info": {
    "train_class_distribution": {
      "2": 10241,
      "0": 8861,
      "1": 7488
    },
    "test_class_distribution": {
      "2": 599,
      "0": 402,
      "1": 299
    },
    "pred_class_distribution": {
      "2": 688,
      "0": 503,
      "1": 109
    },
    "class_0_avg_probability": 0.38472937727644,
    "class_1_avg_probability": 0.08416501027807552,
    "class_2_avg_probability": 0.5311056124454901
  }
}