{
  "experiment_setup": {
    "config": {
      "classifier_type": "cnb",
      "embedding_type": "tfidf",
      "brand_removal": false,
      "use_select_kbest": true,
      "use_lexical_syntactic": true,
      "use_smote": false,
      "use_vader_sentiment": false,
      "use_lda": false,
      "save_interesting_articles": false,
      "use_scaler": false,
      "use_bias_features": false,
      "lexical_csv_path": "precomputed_lexical_default.csv",
      "sentiment_csv_path": "precomputed_sentiment_default.csv",
      "bias_csv_path": "precomputed_bias_default.csv"
    },
    "best_params": {
      "clf__alpha": 0.079403964796582,
      "clf__fit_prior": false,
      "clf__norm": false,
      "features__text__vectorizer__max_df": 0.8,
      "features__text__vectorizer__max_features": 10000,
      "features__text__vectorizer__min_df": 1,
      "features__text__vectorizer__ngram_range": [
        1,
        2
      ],
      "select__k": 1321,
      "select__score_func": "chi2"
    },
    "best_cv_score": 0.6743963318406934,
    "split_mode": "media"
  },
  "performance_summary": {
    "test_metrics": {
      "accuracy": 0.5007692307692307,
      "mae": 0.7176923076923077,
      "macro_f1": 0.4671541571187921,
      "macro_precision": 0.4710289478843035,
      "macro_recall": 0.47186749542720285,
      "weighted_f1": 0.49618815899285174,
      "weighted_precision": 0.4988918620660663,
      "weighted_recall": 0.5007692307692307
    },
    "test_confusion_matrix": [
      [
        234,
        58,
        110
      ],
      [
        99,
        82,
        118
      ],
      [
        174,
        90,
        335
      ]
    ],
    "test_confidence_mean": 0.3956686420708462,
    "test_confidence_std": 0.06006308127500951,
    "classification_report_dict": {
      "0": {
        "precision": 0.46153846153846156,
        "recall": 0.582089552238806,
        "f1-score": 0.5148514851485149,
        "support": 402.0
      },
      "1": {
        "precision": 0.3565217391304348,
        "recall": 0.27424749163879597,
        "f1-score": 0.31001890359168244,
        "support": 299.0
      },
      "2": {
        "precision": 0.5950266429840142,
        "recall": 0.5592654424040067,
        "f1-score": 0.576592082616179,
        "support": 599.0
      },
      "accuracy": 0.5007692307692307,
      "macro avg": {
        "precision": 0.4710289478843035,
        "recall": 0.47186749542720285,
        "f1-score": 0.4671541571187921,
        "support": 1300.0
      },
      "weighted avg": {
        "precision": 0.4988918620660663,
        "recall": 0.5007692307692307,
        "f1-score": 0.49618815899285174,
        "support": 1300.0
      }
    },
    "classification_report_text": "              precision    recall  f1-score   support\n\n           0      0.462     0.582     0.515       402\n           1      0.357     0.274     0.310       299\n           2      0.595     0.559     0.577       599\n\n    accuracy                          0.501      1300\n   macro avg      0.471     0.472     0.467      1300\nweighted avg      0.499     0.501     0.496      1300\n"
  },
  "timing": {
    "run_time_seconds": 105.81801247596741,
    "run_time_minutes": 1.7636335412661235
  },
  "analysis_info": {
    "train_class_distribution": {
      "2": 10241,
      "0": 8861,
      "1": 7488
    },
    "test_class_distribution": {
      "2": 599,
      "0": 402,
      "1": 299
    },
    "pred_class_distribution": {
      "2": 563,
      "0": 507,
      "1": 230
    },
    "class_0_avg_probability": 0.33256175266979515,
    "class_1_avg_probability": 0.3134255520832509,
    "class_2_avg_probability": 0.35401269524695406
  }
}