{
  "experiment_setup": {
    "config": {
      "classifier_type": "nb",
      "embedding_type": "tfidf",
      "use_select_kbest": true,
      "brand_removal": true,
      "use_lexical_syntactic": false,
      "use_vader_sentiment": false,
      "use_smote": false,
      "use_scaler": true,
      "use_lda": false,
      "save_interesting_articles": false,
      "use_bias_features": false,
      "lexical_csv_path": "precomputed_lexical_custom.csv",
      "sentiment_csv_path": "precomputed_sentiment_custom.csv",
      "bias_csv_path": "precomputed_bias_custom.csv",
      "results_dir": "experiments/nb/tfidf_kbest_brand_scaler"
    },
    "best_params": {
      "clf__alpha": 1.2370108840299017,
      "clf__fit_prior": false,
      "features__text__vectorizer__max_df": 0.8,
      "features__text__vectorizer__max_features": 10000,
      "features__text__vectorizer__min_df": 1,
      "features__text__vectorizer__ngram_range": [
        1,
        2
      ],
      "select__k": 1711,
      "select__score_func": "f_classif"
    },
    "best_cv_score": 0.6343795473632372,
    "split_mode": "random"
  },
  "performance_summary": {
    "test_metrics": {
      "accuracy": 0.6392307692307693,
      "mae": 0.563076923076923,
      "macro_f1": 0.6277994705376955,
      "macro_precision": 0.6296869110004777,
      "macro_recall": 0.6326460616554749,
      "weighted_f1": 0.6338383273758954,
      "weighted_precision": 0.6346464494317898,
      "weighted_recall": 0.6392307692307693
    },
    "test_confusion_matrix": [
      [
        186,
        54,
        162
      ],
      [
        32,
        214,
        53
      ],
      [
        101,
        67,
        431
      ]
    ],
    "test_confidence_mean": 0.9781424195789481,
    "test_confidence_std": 0.07401007798685175,
    "classification_report_dict": {
      "0": {
        "precision": 0.5830721003134797,
        "recall": 0.4626865671641791,
        "f1-score": 0.5159500693481276,
        "support": 402.0
      },
      "1": {
        "precision": 0.6388059701492538,
        "recall": 0.7157190635451505,
        "f1-score": 0.6750788643533123,
        "support": 299.0
      },
      "2": {
        "precision": 0.6671826625386997,
        "recall": 0.7195325542570952,
        "f1-score": 0.6923694779116466,
        "support": 599.0
      },
      "accuracy": 0.6392307692307693,
      "macro avg": {
        "precision": 0.6296869110004777,
        "recall": 0.6326460616554749,
        "f1-score": 0.6277994705376955,
        "support": 1300.0
      },
      "weighted avg": {
        "precision": 0.6346464494317898,
        "recall": 0.6392307692307693,
        "f1-score": 0.6338383273758954,
        "support": 1300.0
      }
    },
    "classification_report_text": "              precision    recall  f1-score   support\n\n           0      0.583     0.463     0.516       402\n           1      0.639     0.716     0.675       299\n           2      0.667     0.720     0.692       599\n\n    accuracy                          0.639      1300\n   macro avg      0.630     0.633     0.628      1300\nweighted avg      0.635     0.639     0.634      1300\n"
  },
  "timing": {
    "run_time_seconds": 107.86085271835327,
    "run_time_minutes": 1.797680878639221
  },
  "analysis_info": {
    "train_class_distribution": {
      "2": 10240,
      "0": 9750,
      "1": 7988
    },
    "test_class_distribution": {
      "2": 599,
      "0": 402,
      "1": 299
    },
    "pred_class_distribution": {
      "2": 646,
      "1": 335,
      "0": 319
    },
    "class_0_avg_probability": 0.24478221387656687,
    "class_1_avg_probability": 0.2573944470252396,
    "class_2_avg_probability": 0.4978233390982001,
    "brand_removal_enabled": true
  }
}