{
  "experiment_setup": {
    "config": {
      "classifier_type": "nb",
      "embedding_type": "tfidf",
      "use_select_kbest": true,
      "brand_removal": true,
      "use_lexical_syntactic": true,
      "use_vader_sentiment": true,
      "use_smote": true,
      "use_scaler": false,
      "use_lda": false,
      "save_interesting_articles": false,
      "use_bias_features": false,
      "lexical_csv_path": "precomputed_lexical_custom.csv",
      "sentiment_csv_path": "precomputed_sentiment_custom.csv",
      "bias_csv_path": "precomputed_bias_custom.csv",
      "results_dir": "experiments/nb/tfidf_kbest_brand_lex_vader_smote"
    },
    "best_params": {
      "clf__alpha": 0.052150266974116635,
      "clf__fit_prior": false,
      "features__text__vectorizer__max_df": 0.8,
      "features__text__vectorizer__max_features": 10000,
      "features__text__vectorizer__min_df": 1,
      "features__text__vectorizer__ngram_range": [
        1,
        2
      ],
      "select__k": 1800,
      "select__score_func": "f_classif"
    },
    "best_cv_score": 0.6634311449304451,
    "split_mode": "media"
  },
  "performance_summary": {
    "test_metrics": {
      "accuracy": 0.5123076923076924,
      "mae": 0.7523076923076923,
      "macro_f1": 0.4459932063367908,
      "macro_precision": 0.516794517222458,
      "macro_recall": 0.4506343748174444,
      "weighted_f1": 0.4847612065761397,
      "weighted_precision": 0.5156751724691921,
      "weighted_recall": 0.5123076923076924
    },
    "test_confusion_matrix": [
      [
        189,
        15,
        198
      ],
      [
        62,
        51,
        186
      ],
      [
        146,
        27,
        426
      ]
    ],
    "test_confidence_mean": 0.6474574409122256,
    "test_confidence_std": 0.1643619750929311,
    "classification_report_dict": {
      "0": {
        "precision": 0.4760705289672544,
        "recall": 0.4701492537313433,
        "f1-score": 0.47309136420525655,
        "support": 402.0
      },
      "1": {
        "precision": 0.5483870967741935,
        "recall": 0.1705685618729097,
        "f1-score": 0.2602040816326531,
        "support": 299.0
      },
      "2": {
        "precision": 0.5259259259259259,
        "recall": 0.7111853088480802,
        "f1-score": 0.6046841731724627,
        "support": 599.0
      },
      "accuracy": 0.5123076923076924,
      "macro avg": {
        "precision": 0.516794517222458,
        "recall": 0.4506343748174444,
        "f1-score": 0.4459932063367908,
        "support": 1300.0
      },
      "weighted avg": {
        "precision": 0.5156751724691921,
        "recall": 0.5123076923076924,
        "f1-score": 0.4847612065761397,
        "support": 1300.0
      }
    },
    "classification_report_text": "              precision    recall  f1-score   support\n\n           0      0.476     0.470     0.473       402\n           1      0.548     0.171     0.260       299\n           2      0.526     0.711     0.605       599\n\n    accuracy                          0.512      1300\n   macro avg      0.517     0.451     0.446      1300\nweighted avg      0.516     0.512     0.485      1300\n"
  },
  "timing": {
    "run_time_seconds": 184.10164380073547,
    "run_time_minutes": 3.068360730012258
  },
  "analysis_info": {
    "train_class_distribution": {
      "2": 10241,
      "0": 8861,
      "1": 7488
    },
    "test_class_distribution": {
      "2": 599,
      "0": 402,
      "1": 299
    },
    "pred_class_distribution": {
      "2": 810,
      "0": 397,
      "1": 93
    },
    "class_0_avg_probability": 0.3316360015743358,
    "class_1_avg_probability": 0.148522877449042,
    "class_2_avg_probability": 0.5198411209766218,
    "brand_removal_enabled": true
  }
}