{
  "experiment_setup": {
    "config": {
      "classifier_type": "cnb",
      "embedding_type": "tfidf",
      "use_select_kbest": true,
      "brand_removal": false,
      "use_lexical_syntactic": true,
      "use_vader_sentiment": true,
      "use_smote": false,
      "use_scaler": true,
      "use_lda": false,
      "save_interesting_articles": false,
      "use_bias_features": false,
      "lexical_csv_path": "precomputed_lexical_default.csv",
      "sentiment_csv_path": "precomputed_sentiment_default.csv",
      "bias_csv_path": "precomputed_bias_default.csv",
      "results_dir": "experiments/cnb/tfidf_kbest_lex_vader_scaler"
    },
    "best_params": {
      "clf__alpha": 1.7052641538983098,
      "clf__fit_prior": false,
      "clf__norm": false,
      "features__text__vectorizer__max_df": 0.8,
      "features__text__vectorizer__max_features": 10000,
      "features__text__vectorizer__min_df": 1,
      "features__text__vectorizer__ngram_range": [
        1,
        2
      ],
      "select__k": 1515,
      "select__score_func": "f_classif"
    },
    "best_cv_score": 0.6774566495772301,
    "split_mode": "media"
  },
  "performance_summary": {
    "test_metrics": {
      "accuracy": 0.5130769230769231,
      "mae": 0.7384615384615385,
      "macro_f1": 0.429984702272997,
      "macro_precision": 0.48715277259518924,
      "macro_recall": 0.4458154432868942,
      "weighted_f1": 0.4785959414859737,
      "weighted_precision": 0.4996649231544991,
      "weighted_recall": 0.5130769230769231
    },
    "test_confusion_matrix": [
      [
        200,
        12,
        190
      ],
      [
        105,
        36,
        158
      ],
      [
        137,
        31,
        431
      ]
    ],
    "test_confidence_mean": 0.5465738695603374,
    "test_confidence_std": 0.1400867167068736,
    "classification_report_dict": {
      "0": {
        "precision": 0.45248868778280543,
        "recall": 0.4975124378109453,
        "f1-score": 0.47393364928909953,
        "support": 402.0
      },
      "1": {
        "precision": 0.45569620253164556,
        "recall": 0.12040133779264214,
        "f1-score": 0.19047619047619047,
        "support": 299.0
      },
      "2": {
        "precision": 0.5532734274711169,
        "recall": 0.7195325542570952,
        "f1-score": 0.625544267053701,
        "support": 599.0
      },
      "accuracy": 0.5130769230769231,
      "macro avg": {
        "precision": 0.48715277259518924,
        "recall": 0.4458154432868942,
        "f1-score": 0.429984702272997,
        "support": 1300.0
      },
      "weighted avg": {
        "precision": 0.4996649231544991,
        "recall": 0.5130769230769231,
        "f1-score": 0.4785959414859737,
        "support": 1300.0
      }
    },
    "classification_report_text": "              precision    recall  f1-score   support\n\n           0      0.452     0.498     0.474       402\n           1      0.456     0.120     0.190       299\n           2      0.553     0.720     0.626       599\n\n    accuracy                          0.513      1300\n   macro avg      0.487     0.446     0.430      1300\nweighted avg      0.500     0.513     0.479      1300\n"
  },
  "timing": {
    "run_time_seconds": 102.86809420585632,
    "run_time_minutes": 1.714468236764272
  },
  "analysis_info": {
    "train_class_distribution": {
      "2": 10241,
      "0": 8861,
      "1": 7488
    },
    "test_class_distribution": {
      "2": 599,
      "0": 402,
      "1": 299
    },
    "pred_class_distribution": {
      "2": 779,
      "0": 442,
      "1": 79
    },
    "class_0_avg_probability": 0.35460473259002784,
    "class_1_avg_probability": 0.20382140351175193,
    "class_2_avg_probability": 0.44157386389822006
  }
}