{
  "experiment_setup": {
    "config": {
      "classifier_type": "cnb",
      "embedding_type": "tfidf",
      "use_select_kbest": true,
      "brand_removal": true,
      "use_lexical_syntactic": true,
      "use_vader_sentiment": false,
      "use_smote": true,
      "use_scaler": false,
      "use_lda": false,
      "save_interesting_articles": false,
      "use_bias_features": false,
      "lexical_csv_path": "precomputed_lexical_custom.csv",
      "sentiment_csv_path": "precomputed_sentiment_custom.csv",
      "bias_csv_path": "precomputed_bias_custom.csv",
      "results_dir": "experiments/cnb/tfidf_kbest_brand_lex_smote"
    },
    "best_params": {
      "clf__alpha": 0.079403964796582,
      "clf__fit_prior": false,
      "clf__norm": false,
      "features__text__vectorizer__max_df": 0.8,
      "features__text__vectorizer__max_features": 10000,
      "features__text__vectorizer__min_df": 1,
      "features__text__vectorizer__ngram_range": [
        1,
        2
      ],
      "select__k": 1321,
      "select__score_func": "chi2"
    },
    "best_cv_score": 0.6540525029736852,
    "split_mode": "media"
  },
  "performance_summary": {
    "test_metrics": {
      "accuracy": 0.5107692307692308,
      "mae": 0.713076923076923,
      "macro_f1": 0.4932860227150259,
      "macro_precision": 0.49366303024682695,
      "macro_recall": 0.4953843038970858,
      "weighted_f1": 0.5110523279275491,
      "weighted_precision": 0.5138258761637283,
      "weighted_recall": 0.5107692307692308
    },
    "test_confusion_matrix": [
      [
        220,
        70,
        112
      ],
      [
        64,
        118,
        117
      ],
      [
        179,
        94,
        326
      ]
    ],
    "test_confidence_mean": 0.3913805859592651,
    "test_confidence_std": 0.05552800270557867,
    "classification_report_dict": {
      "0": {
        "precision": 0.47516198704103674,
        "recall": 0.5472636815920398,
        "f1-score": 0.5086705202312138,
        "support": 402.0
      },
      "1": {
        "precision": 0.41843971631205673,
        "recall": 0.39464882943143814,
        "f1-score": 0.40619621342512907,
        "support": 299.0
      },
      "2": {
        "precision": 0.5873873873873874,
        "recall": 0.5442404006677797,
        "f1-score": 0.5649913344887348,
        "support": 599.0
      },
      "accuracy": 0.5107692307692308,
      "macro avg": {
        "precision": 0.49366303024682695,
        "recall": 0.4953843038970858,
        "f1-score": 0.4932860227150259,
        "support": 1300.0
      },
      "weighted avg": {
        "precision": 0.5138258761637283,
        "recall": 0.5107692307692308,
        "f1-score": 0.5110523279275491,
        "support": 1300.0
      }
    },
    "classification_report_text": "              precision    recall  f1-score   support\n\n           0      0.475     0.547     0.509       402\n           1      0.418     0.395     0.406       299\n           2      0.587     0.544     0.565       599\n\n    accuracy                          0.511      1300\n   macro avg      0.494     0.495     0.493      1300\nweighted avg      0.514     0.511     0.511      1300\n"
  },
  "timing": {
    "run_time_seconds": 60.05507731437683,
    "run_time_minutes": 1.000917955239614
  },
  "analysis_info": {
    "train_class_distribution": {
      "2": 10241,
      "0": 8861,
      "1": 7488
    },
    "test_class_distribution": {
      "2": 599,
      "0": 402,
      "1": 299
    },
    "pred_class_distribution": {
      "2": 555,
      "0": 463,
      "1": 282
    },
    "class_0_avg_probability": 0.3279842840443284,
    "class_1_avg_probability": 0.31661600248348715,
    "class_2_avg_probability": 0.3553997134721844,
    "brand_removal_enabled": true
  }
}