{
  "experiment_setup": {
    "config": {
      "classifier_type": "cnb",
      "embedding_type": "tfidf",
      "use_select_kbest": true,
      "brand_removal": false,
      "use_lexical_syntactic": false,
      "use_vader_sentiment": true,
      "use_smote": true,
      "use_scaler": true,
      "use_lda": false,
      "save_interesting_articles": false,
      "use_bias_features": false,
      "lexical_csv_path": "precomputed_lexical_default.csv",
      "sentiment_csv_path": "precomputed_sentiment_default.csv",
      "bias_csv_path": "precomputed_bias_default.csv",
      "results_dir": "experiments/cnb/tfidf_kbest_vader_smote_scaler"
    },
    "best_params": {
      "clf__alpha": 1.7052641538983098,
      "clf__fit_prior": false,
      "clf__norm": false,
      "features__text__vectorizer__max_df": 0.8,
      "features__text__vectorizer__max_features": 10000,
      "features__text__vectorizer__min_df": 1,
      "features__text__vectorizer__ngram_range": [
        1,
        2
      ],
      "select__k": 1515,
      "select__score_func": "f_classif"
    },
    "best_cv_score": 0.6802894057085992,
    "split_mode": "media"
  },
  "performance_summary": {
    "test_metrics": {
      "accuracy": 0.5161538461538462,
      "mae": 0.7323076923076923,
      "macro_f1": 0.4433985490165266,
      "macro_precision": 0.49342934507266833,
      "macro_recall": 0.45711823219382325,
      "weighted_f1": 0.4879506560854875,
      "weighted_precision": 0.5069352543843232,
      "weighted_recall": 0.5161538461538462
    },
    "test_confusion_matrix": [
      [
        221,
        15,
        166
      ],
      [
        110,
        42,
        147
      ],
      [
        157,
        34,
        408
      ]
    ],
    "test_confidence_mean": 0.5404306525237863,
    "test_confidence_std": 0.1381014727140727,
    "classification_report_dict": {
      "0": {
        "precision": 0.45286885245901637,
        "recall": 0.5497512437810945,
        "f1-score": 0.4966292134831461,
        "support": 402.0
      },
      "1": {
        "precision": 0.46153846153846156,
        "recall": 0.14046822742474915,
        "f1-score": 0.2153846153846154,
        "support": 299.0
      },
      "2": {
        "precision": 0.565880721220527,
        "recall": 0.6811352253756261,
        "f1-score": 0.6181818181818182,
        "support": 599.0
      },
      "accuracy": 0.5161538461538462,
      "macro avg": {
        "precision": 0.49342934507266833,
        "recall": 0.45711823219382325,
        "f1-score": 0.4433985490165266,
        "support": 1300.0
      },
      "weighted avg": {
        "precision": 0.5069352543843232,
        "recall": 0.5161538461538462,
        "f1-score": 0.4879506560854875,
        "support": 1300.0
      }
    },
    "classification_report_text": "              precision    recall  f1-score   support\n\n           0      0.453     0.550     0.497       402\n           1      0.462     0.140     0.215       299\n           2      0.566     0.681     0.618       599\n\n    accuracy                          0.516      1300\n   macro avg      0.493     0.457     0.443      1300\nweighted avg      0.507     0.516     0.488      1300\n"
  },
  "timing": {
    "run_time_seconds": 128.38013625144958,
    "run_time_minutes": 2.1396689375241595
  },
  "analysis_info": {
    "train_class_distribution": {
      "2": 10241,
      "0": 8861,
      "1": 7488
    },
    "test_class_distribution": {
      "2": 599,
      "0": 402,
      "1": 299
    },
    "pred_class_distribution": {
      "2": 721,
      "0": 488,
      "1": 91
    },
    "class_0_avg_probability": 0.3720257611973381,
    "class_1_avg_probability": 0.2014949726884872,
    "class_2_avg_probability": 0.4264792661141746
  }
}