{
  "experiment_setup": {
    "config": {
      "classifier_type": "nb",
      "embedding_type": "tfidf",
      "use_select_kbest": true,
      "brand_removal": true,
      "use_lexical_syntactic": true,
      "use_vader_sentiment": true,
      "use_smote": false,
      "use_scaler": false,
      "use_lda": false,
      "save_interesting_articles": false,
      "use_bias_features": false,
      "lexical_csv_path": "precomputed_lexical_custom.csv",
      "sentiment_csv_path": "precomputed_sentiment_custom.csv",
      "bias_csv_path": "precomputed_bias_custom.csv",
      "results_dir": "experiments/nb/tfidf_kbest_brand_lex_vader"
    },
    "best_params": {
      "clf__alpha": 0.052150266974116635,
      "clf__fit_prior": false,
      "features__text__vectorizer__max_df": 0.8,
      "features__text__vectorizer__max_features": 10000,
      "features__text__vectorizer__min_df": 1,
      "features__text__vectorizer__ngram_range": [
        1,
        2
      ],
      "select__k": 1800,
      "select__score_func": "f_classif"
    },
    "best_cv_score": 0.6625348819740811,
    "split_mode": "media"
  },
  "performance_summary": {
    "test_metrics": {
      "accuracy": 0.5115384615384615,
      "mae": 0.7515384615384615,
      "macro_f1": 0.44163379253201973,
      "macro_precision": 0.5122082426430253,
      "macro_recall": 0.4478574505284607,
      "weighted_f1": 0.4820534376001678,
      "weighted_precision": 0.5124775544039758,
      "weighted_recall": 0.5115384615384615
    },
    "test_confusion_matrix": [
      [
        187,
        15,
        200
      ],
      [
        62,
        48,
        189
      ],
      [
        142,
        27,
        430
      ]
    ],
    "test_confidence_mean": 0.6472076981286812,
    "test_confidence_std": 0.1635454854669524,
    "classification_report_dict": {
      "0": {
        "precision": 0.4782608695652174,
        "recall": 0.4651741293532338,
        "f1-score": 0.47162673392181587,
        "support": 402.0
      },
      "1": {
        "precision": 0.5333333333333333,
        "recall": 0.1605351170568562,
        "f1-score": 0.2467866323907455,
        "support": 299.0
      },
      "2": {
        "precision": 0.525030525030525,
        "recall": 0.7178631051752922,
        "f1-score": 0.6064880112834978,
        "support": 599.0
      },
      "accuracy": 0.5115384615384615,
      "macro avg": {
        "precision": 0.5122082426430253,
        "recall": 0.4478574505284607,
        "f1-score": 0.44163379253201973,
        "support": 1300.0
      },
      "weighted avg": {
        "precision": 0.5124775544039758,
        "recall": 0.5115384615384615,
        "f1-score": 0.4820534376001678,
        "support": 1300.0
      }
    },
    "classification_report_text": "              precision    recall  f1-score   support\n\n           0      0.478     0.465     0.472       402\n           1      0.533     0.161     0.247       299\n           2      0.525     0.718     0.606       599\n\n    accuracy                          0.512      1300\n   macro avg      0.512     0.448     0.442      1300\nweighted avg      0.512     0.512     0.482      1300\n"
  },
  "timing": {
    "run_time_seconds": 117.51949715614319,
    "run_time_minutes": 1.9586582859357198
  },
  "analysis_info": {
    "train_class_distribution": {
      "2": 10241,
      "0": 8861,
      "1": 7488
    },
    "test_class_distribution": {
      "2": 599,
      "0": 402,
      "1": 299
    },
    "pred_class_distribution": {
      "2": 819,
      "0": 391,
      "1": 90
    },
    "class_0_avg_probability": 0.33008255347120735,
    "class_1_avg_probability": 0.14755639302277823,
    "class_2_avg_probability": 0.5223610535060144,
    "brand_removal_enabled": true
  }
}