{
  "experiment_setup": {
    "config": {
      "classifier_type": "nb",
      "embedding_type": "tfidf",
      "brand_removal": false,
      "use_select_kbest": true,
      "use_smote": false,
      "use_scaler": true,
      "use_lexical_syntactic": false,
      "use_vader_sentiment": false,
      "use_lda": false,
      "use_bias_features": false,
      "save_interesting_articles": false,
      "lexical_csv_path": "precomputed_lexical_default.csv",
      "sentiment_csv_path": "precomputed_sentiment_default.csv",
      "bias_csv_path": "precomputed_bias_default.csv"
    },
    "best_params": {
      "clf__alpha": 0.052150266974116635,
      "clf__fit_prior": false,
      "features__text__vectorizer__max_df": 0.8,
      "features__text__vectorizer__max_features": 10000,
      "features__text__vectorizer__min_df": 1,
      "features__text__vectorizer__ngram_range": [
        1,
        2
      ],
      "select__k": 1800,
      "select__score_func": "f_classif"
    },
    "best_cv_score": 0.6875650979129384,
    "split_mode": "media"
  },
  "performance_summary": {
    "test_metrics": {
      "accuracy": 0.5069230769230769,
      "mae": 0.7469230769230769,
      "macro_f1": 0.44709230805917927,
      "macro_precision": 0.48517271492373926,
      "macro_recall": 0.45682905528267526,
      "weighted_f1": 0.4865737779810584,
      "weighted_precision": 0.5013038734248946,
      "weighted_recall": 0.5069230769230769
    },
    "test_confusion_matrix": [
      [
        226,
        23,
        153
      ],
      [
        115,
        51,
        133
      ],
      [
        177,
        40,
        382
      ]
    ],
    "test_confidence_mean": 0.9813346126011916,
    "test_confidence_std": 0.07240654325807389,
    "classification_report_dict": {
      "0": {
        "precision": 0.4362934362934363,
        "recall": 0.5621890547263682,
        "f1-score": 0.49130434782608695,
        "support": 402.0
      },
      "1": {
        "precision": 0.4473684210526316,
        "recall": 0.1705685618729097,
        "f1-score": 0.2469733656174334,
        "support": 299.0
      },
      "2": {
        "precision": 0.5718562874251497,
        "recall": 0.6377295492487479,
        "f1-score": 0.6029992107340174,
        "support": 599.0
      },
      "accuracy": 0.5069230769230769,
      "macro avg": {
        "precision": 0.48517271492373926,
        "recall": 0.45682905528267526,
        "f1-score": 0.44709230805917927,
        "support": 1300.0
      },
      "weighted avg": {
        "precision": 0.5013038734248946,
        "recall": 0.5069230769230769,
        "f1-score": 0.4865737779810584,
        "support": 1300.0
      }
    },
    "classification_report_text": "              precision    recall  f1-score   support\n\n           0      0.436     0.562     0.491       402\n           1      0.447     0.171     0.247       299\n           2      0.572     0.638     0.603       599\n\n    accuracy                          0.507      1300\n   macro avg      0.485     0.457     0.447      1300\nweighted avg      0.501     0.507     0.487      1300\n"
  },
  "timing": {
    "run_time_seconds": 37.17635774612427,
    "run_time_minutes": 0.6196059624354044
  },
  "analysis_info": {
    "train_class_distribution": {
      "2": 10241,
      "0": 8861,
      "1": 7488
    },
    "test_class_distribution": {
      "2": 599,
      "0": 402,
      "1": 299
    },
    "pred_class_distribution": {
      "2": 668,
      "0": 518,
      "1": 114
    },
    "class_0_avg_probability": 0.39625470529818146,
    "class_1_avg_probability": 0.08806380461697984,
    "class_2_avg_probability": 0.5156814900848417
  }
}