{
  "experiment_setup": {
    "config": {
      "classifier_type": "nb",
      "embedding_type": "tfidf",
      "use_select_kbest": true,
      "brand_removal": true,
      "use_lexical_syntactic": false,
      "use_vader_sentiment": true,
      "use_smote": false,
      "use_scaler": false,
      "use_lda": false,
      "save_interesting_articles": false,
      "use_bias_features": false,
      "lexical_csv_path": "precomputed_lexical_custom.csv",
      "sentiment_csv_path": "precomputed_sentiment_custom.csv",
      "bias_csv_path": "precomputed_bias_custom.csv",
      "results_dir": "experiments/nb/tfidf_kbest_brand_vader"
    },
    "best_params": {
      "clf__alpha": 0.052150266974116635,
      "clf__fit_prior": false,
      "features__text__vectorizer__max_df": 0.8,
      "features__text__vectorizer__max_features": 10000,
      "features__text__vectorizer__min_df": 1,
      "features__text__vectorizer__ngram_range": [
        1,
        2
      ],
      "select__k": 1800,
      "select__score_func": "f_classif"
    },
    "best_cv_score": 0.6315484781858413,
    "split_mode": "random"
  },
  "performance_summary": {
    "test_metrics": {
      "accuracy": 0.6130769230769231,
      "mae": 0.6023076923076923,
      "macro_f1": 0.5952588160242732,
      "macro_precision": 0.6126906808887465,
      "macro_recall": 0.5914953552385179,
      "weighted_f1": 0.6049508271656449,
      "weighted_precision": 0.6113322498102776,
      "weighted_recall": 0.6130769230769231
    },
    "test_confusion_matrix": [
      [
        170,
        48,
        184
      ],
      [
        21,
        182,
        96
      ],
      [
        96,
        58,
        445
      ]
    ],
    "test_confidence_mean": 0.6397823392383153,
    "test_confidence_std": 0.1588602197677379,
    "classification_report_dict": {
      "0": {
        "precision": 0.5923344947735192,
        "recall": 0.4228855721393035,
        "f1-score": 0.4934687953555878,
        "support": 402.0
      },
      "1": {
        "precision": 0.6319444444444444,
        "recall": 0.6086956521739131,
        "f1-score": 0.6201022146507666,
        "support": 299.0
      },
      "2": {
        "precision": 0.6137931034482759,
        "recall": 0.7429048414023373,
        "f1-score": 0.6722054380664653,
        "support": 599.0
      },
      "accuracy": 0.6130769230769231,
      "macro avg": {
        "precision": 0.6126906808887465,
        "recall": 0.5914953552385179,
        "f1-score": 0.5952588160242732,
        "support": 1300.0
      },
      "weighted avg": {
        "precision": 0.6113322498102776,
        "recall": 0.6130769230769231,
        "f1-score": 0.6049508271656449,
        "support": 1300.0
      }
    },
    "classification_report_text": "              precision    recall  f1-score   support\n\n           0      0.592     0.423     0.493       402\n           1      0.632     0.609     0.620       299\n           2      0.614     0.743     0.672       599\n\n    accuracy                          0.613      1300\n   macro avg      0.613     0.591     0.595      1300\nweighted avg      0.611     0.613     0.605      1300\n"
  },
  "timing": {
    "run_time_seconds": 230.80728936195374,
    "run_time_minutes": 3.846788156032562
  },
  "analysis_info": {
    "train_class_distribution": {
      "2": 10240,
      "0": 9750,
      "1": 7988
    },
    "test_class_distribution": {
      "2": 599,
      "0": 402,
      "1": 299
    },
    "pred_class_distribution": {
      "2": 725,
      "1": 288,
      "0": 287
    },
    "class_0_avg_probability": 0.2760363008712777,
    "class_1_avg_probability": 0.2443671262138313,
    "class_2_avg_probability": 0.47959657291489083,
    "brand_removal_enabled": true
  }
}