{
  "experiment_setup": {
    "config": {
      "classifier_type": "cnb",
      "embedding_type": "tfidf",
      "use_select_kbest": true,
      "brand_removal": true,
      "use_lexical_syntactic": false,
      "use_vader_sentiment": false,
      "use_smote": true,
      "use_scaler": true,
      "use_lda": false,
      "save_interesting_articles": false,
      "use_bias_features": false,
      "lexical_csv_path": "precomputed_lexical_custom.csv",
      "sentiment_csv_path": "precomputed_sentiment_custom.csv",
      "bias_csv_path": "precomputed_bias_custom.csv",
      "results_dir": "experiments/cnb/tfidf_kbest_brand_smote_scaler"
    },
    "best_params": {
      "clf__alpha": 1.7052641538983098,
      "clf__fit_prior": false,
      "clf__norm": false,
      "features__text__vectorizer__max_df": 0.8,
      "features__text__vectorizer__max_features": 10000,
      "features__text__vectorizer__min_df": 1,
      "features__text__vectorizer__ngram_range": [
        1,
        2
      ],
      "select__k": 1515,
      "select__score_func": "f_classif"
    },
    "best_cv_score": 0.6307567779422486,
    "split_mode": "random"
  },
  "performance_summary": {
    "test_metrics": {
      "accuracy": 0.6284615384615385,
      "mae": 0.5623076923076923,
      "macro_f1": 0.6147019060874249,
      "macro_precision": 0.6143318121702442,
      "macro_recall": 0.6240371861664759,
      "weighted_f1": 0.6237019232318426,
      "weighted_precision": 0.6263174735138465,
      "weighted_recall": 0.6284615384615385
    },
    "test_confusion_matrix": [
      [
        183,
        72,
        147
      ],
      [
        34,
        214,
        51
      ],
      [
        101,
        78,
        420
      ]
    ],
    "test_confidence_mean": 0.9572377878604411,
    "test_confidence_std": 0.10672202831047528,
    "classification_report_dict": {
      "0": {
        "precision": 0.5754716981132075,
        "recall": 0.4552238805970149,
        "f1-score": 0.5083333333333333,
        "support": 402.0
      },
      "1": {
        "precision": 0.5879120879120879,
        "recall": 0.7157190635451505,
        "f1-score": 0.6455505279034691,
        "support": 299.0
      },
      "2": {
        "precision": 0.6796116504854369,
        "recall": 0.7011686143572621,
        "f1-score": 0.6902218570254725,
        "support": 599.0
      },
      "accuracy": 0.6284615384615385,
      "macro avg": {
        "precision": 0.6143318121702442,
        "recall": 0.6240371861664759,
        "f1-score": 0.6147019060874249,
        "support": 1300.0
      },
      "weighted avg": {
        "precision": 0.6263174735138465,
        "recall": 0.6284615384615385,
        "f1-score": 0.6237019232318426,
        "support": 1300.0
      }
    },
    "classification_report_text": "              precision    recall  f1-score   support\n\n           0      0.575     0.455     0.508       402\n           1      0.588     0.716     0.646       299\n           2      0.680     0.701     0.690       599\n\n    accuracy                          0.628      1300\n   macro avg      0.614     0.624     0.615      1300\nweighted avg      0.626     0.628     0.624      1300\n"
  },
  "timing": {
    "run_time_seconds": 59.787707805633545,
    "run_time_minutes": 0.9964617967605591
  },
  "analysis_info": {
    "train_class_distribution": {
      "2": 10240,
      "0": 9750,
      "1": 7988
    },
    "test_class_distribution": {
      "2": 599,
      "0": 402,
      "1": 299
    },
    "pred_class_distribution": {
      "2": 618,
      "1": 364,
      "0": 318
    },
    "class_0_avg_probability": 0.2418652776362639,
    "class_1_avg_probability": 0.2789129480351646,
    "class_2_avg_probability": 0.4792217743285771,
    "brand_removal_enabled": true
  }
}