{
  "experiment_setup": {
    "config": {
      "classifier_type": "nb",
      "embedding_type": "tfidf",
      "use_select_kbest": true,
      "brand_removal": true,
      "use_lexical_syntactic": true,
      "use_vader_sentiment": false,
      "use_smote": false,
      "use_scaler": false,
      "use_lda": false,
      "save_interesting_articles": false,
      "use_bias_features": false,
      "lexical_csv_path": "precomputed_lexical_custom.csv",
      "sentiment_csv_path": "precomputed_sentiment_custom.csv",
      "bias_csv_path": "precomputed_bias_custom.csv",
      "results_dir": "experiments/nb/tfidf_kbest_brand_lex"
    },
    "best_params": {
      "clf__alpha": 0.052150266974116635,
      "clf__fit_prior": false,
      "features__text__vectorizer__max_df": 0.8,
      "features__text__vectorizer__max_features": 10000,
      "features__text__vectorizer__min_df": 1,
      "features__text__vectorizer__ngram_range": [
        1,
        2
      ],
      "select__k": 1800,
      "select__score_func": "chi2"
    },
    "best_cv_score": 0.6025814203861349,
    "split_mode": "random"
  },
  "performance_summary": {
    "test_metrics": {
      "accuracy": 0.6138461538461538,
      "mae": 0.5623076923076923,
      "macro_f1": 0.6093712896259795,
      "macro_precision": 0.6075835780847266,
      "macro_recall": 0.6311499261240284,
      "weighted_f1": 0.6132381884854842,
      "weighted_precision": 0.6290611814676021,
      "weighted_recall": 0.6138461538461538
    },
    "test_confusion_matrix": [
      [
        211,
        89,
        102
      ],
      [
        23,
        232,
        44
      ],
      [
        127,
        117,
        355
      ]
    ],
    "test_confidence_mean": 0.46410912695725004,
    "test_confidence_std": 0.08928453728231875,
    "classification_report_dict": {
      "0": {
        "precision": 0.5844875346260388,
        "recall": 0.5248756218905473,
        "f1-score": 0.5530799475753604,
        "support": 402.0
      },
      "1": {
        "precision": 0.5296803652968036,
        "recall": 0.7759197324414716,
        "f1-score": 0.6295793758480326,
        "support": 299.0
      },
      "2": {
        "precision": 0.7085828343313373,
        "recall": 0.5926544240400667,
        "f1-score": 0.6454545454545455,
        "support": 599.0
      },
      "accuracy": 0.6138461538461538,
      "macro avg": {
        "precision": 0.6075835780847266,
        "recall": 0.6311499261240284,
        "f1-score": 0.6093712896259795,
        "support": 1300.0
      },
      "weighted avg": {
        "precision": 0.6290611814676021,
        "recall": 0.6138461538461538,
        "f1-score": 0.6132381884854842,
        "support": 1300.0
      }
    },
    "classification_report_text": "              precision    recall  f1-score   support\n\n           0      0.584     0.525     0.553       402\n           1      0.530     0.776     0.630       299\n           2      0.709     0.593     0.645       599\n\n    accuracy                          0.614      1300\n   macro avg      0.608     0.631     0.609      1300\nweighted avg      0.629     0.614     0.613      1300\n"
  },
  "timing": {
    "run_time_seconds": 112.45705699920654,
    "run_time_minutes": 1.874284283320109
  },
  "analysis_info": {
    "train_class_distribution": {
      "2": 10240,
      "0": 9750,
      "1": 7988
    },
    "test_class_distribution": {
      "2": 599,
      "0": 402,
      "1": 299
    },
    "pred_class_distribution": {
      "2": 501,
      "1": 438,
      "0": 361
    },
    "class_0_avg_probability": 0.31355232726069615,
    "class_1_avg_probability": 0.31999135510613574,
    "class_2_avg_probability": 0.36645631763316816,
    "brand_removal_enabled": true
  }
}