{
  "experiment_setup": {
    "config": {
      "classifier_type": "logreg",
      "embedding_type": "tfidf",
      "brand_removal": false,
      "use_select_kbest": true,
      "use_smote": true,
      "use_scaler": false,
      "use_lexical_syntactic": false,
      "use_vader_sentiment": false,
      "use_lda": false,
      "use_bias_features": false,
      "save_interesting_articles": false,
      "lexical_csv_path": "precomputed_lexical_default.csv",
      "sentiment_csv_path": "precomputed_sentiment_default.csv",
      "bias_csv_path": "precomputed_bias_default.csv"
    },
    "best_params": {
      "clf__C": 1.7965626423790628,
      "clf__class_weight": null,
      "clf__max_iter": 2000,
      "clf__penalty": "l1",
      "clf__solver": "saga",
      "features__text__vectorizer__max_df": 0.8,
      "features__text__vectorizer__max_features": 10000,
      "features__text__vectorizer__min_df": 1,
      "features__text__vectorizer__ngram_range": [
        1,
        2
      ],
      "select__k": 1815,
      "select__score_func": "chi2"
    },
    "best_cv_score": 0.7201069435392026,
    "split_mode": "random"
  },
  "performance_summary": {
    "test_metrics": {
      "accuracy": 0.6753846153846154,
      "mae": 0.5,
      "macro_f1": 0.6740654758036998,
      "macro_precision": 0.6669789299970316,
      "macro_recall": 0.6930817814119964,
      "weighted_f1": 0.6739671780684533,
      "weighted_precision": 0.6824779986458641,
      "weighted_recall": 0.6753846153846154
    },
    "test_confusion_matrix": [
      [
        238,
        54,
        110
      ],
      [
        30,
        250,
        19
      ],
      [
        118,
        91,
        390
      ]
    ],
    "test_confidence_mean": 0.677613939771341,
    "test_confidence_std": 0.1764312844815684,
    "classification_report_dict": {
      "0": {
        "precision": 0.616580310880829,
        "recall": 0.5920398009950248,
        "f1-score": 0.6040609137055838,
        "support": 402.0
      },
      "1": {
        "precision": 0.6329113924050633,
        "recall": 0.8361204013377926,
        "f1-score": 0.7204610951008645,
        "support": 299.0
      },
      "2": {
        "precision": 0.7514450867052023,
        "recall": 0.6510851419031719,
        "f1-score": 0.6976744186046512,
        "support": 599.0
      },
      "accuracy": 0.6753846153846154,
      "macro avg": {
        "precision": 0.6669789299970316,
        "recall": 0.6930817814119964,
        "f1-score": 0.6740654758036998,
        "support": 1300.0
      },
      "weighted avg": {
        "precision": 0.6824779986458641,
        "recall": 0.6753846153846154,
        "f1-score": 0.6739671780684533,
        "support": 1300.0
      }
    },
    "classification_report_text": "              precision    recall  f1-score   support\n\n           0      0.617     0.592     0.604       402\n           1      0.633     0.836     0.720       299\n           2      0.751     0.651     0.698       599\n\n    accuracy                          0.675      1300\n   macro avg      0.667     0.693     0.674      1300\nweighted avg      0.682     0.675     0.674      1300\n"
  },
  "timing": {
    "run_time_seconds": 572.133457660675,
    "run_time_minutes": 9.535557627677917
  },
  "analysis_info": {
    "train_class_distribution": {
      "2": 10240,
      "0": 9750,
      "1": 7988
    },
    "test_class_distribution": {
      "2": 599,
      "0": 402,
      "1": 299
    },
    "pred_class_distribution": {
      "2": 519,
      "1": 395,
      "0": 386
    },
    "class_0_avg_probability": 0.3236580960555973,
    "class_1_avg_probability": 0.3101121697773347,
    "class_2_avg_probability": 0.366229734167068,
    "logreg_n_iter": [
      704
    ]
  }
}