{
  "experiment_setup": {
    "config": {
      "classifier_type": "svm",
      "embedding_type": "tfidf",
      "brand_removal": false,
      "use_select_kbest": true,
      "use_smote": true,
      "use_scaler": false,
      "use_lexical_syntactic": false,
      "use_vader_sentiment": false,
      "use_lda": false,
      "use_bias_features": false,
      "save_interesting_articles": false,
      "lexical_csv_path": "precomputed_lexical_default.csv",
      "sentiment_csv_path": "precomputed_sentiment_default.csv",
      "bias_csv_path": "precomputed_bias_default.csv"
    },
    "best_params": {
      "clf__C": 1.7965626423790628,
      "clf__class_weight": null,
      "clf__kernel": "linear",
      "clf__max_iter": 500,
      "features__text__vectorizer__max_df": 0.8,
      "features__text__vectorizer__max_features": 10000,
      "features__text__vectorizer__min_df": 1,
      "features__text__vectorizer__ngram_range": [
        1,
        2
      ],
      "select__k": 1815,
      "select__score_func": "chi2"
    },
    "best_cv_score": 0.49533671676516605,
    "split_mode": "random"
  },
  "performance_summary": {
    "test_metrics": {
      "accuracy": 0.5061538461538462,
      "mae": 0.7623076923076924,
      "macro_f1": 0.4483279928991008,
      "macro_precision": 0.4876922937179367,
      "macro_recall": 0.4492448154294255,
      "weighted_f1": 0.478812953926276,
      "weighted_precision": 0.4918192963137517,
      "weighted_recall": 0.5061538461538462
    },
    "test_confusion_matrix": [
      [
        104,
        42,
        256
      ],
      [
        52,
        98,
        149
      ],
      [
        93,
        50,
        456
      ]
    ],
    "test_confidence_mean": 0.6180136474147929,
    "test_confidence_std": 0.23488788755794437,
    "classification_report_dict": {
      "0": {
        "precision": 0.41767068273092367,
        "recall": 0.25870646766169153,
        "f1-score": 0.3195084485407066,
        "support": 402.0
      },
      "1": {
        "precision": 0.5157894736842106,
        "recall": 0.3277591973244147,
        "f1-score": 0.40081799591002043,
        "support": 299.0
      },
      "2": {
        "precision": 0.5296167247386759,
        "recall": 0.7612687813021702,
        "f1-score": 0.6246575342465753,
        "support": 599.0
      },
      "accuracy": 0.5061538461538462,
      "macro avg": {
        "precision": 0.4876922937179367,
        "recall": 0.4492448154294255,
        "f1-score": 0.4483279928991008,
        "support": 1300.0
      },
      "weighted avg": {
        "precision": 0.4918192963137517,
        "recall": 0.5061538461538462,
        "f1-score": 0.478812953926276,
        "support": 1300.0
      }
    },
    "classification_report_text": "              precision    recall  f1-score   support\n\n           0      0.418     0.259     0.320       402\n           1      0.516     0.328     0.401       299\n           2      0.530     0.761     0.625       599\n\n    accuracy                          0.506      1300\n   macro avg      0.488     0.449     0.448      1300\nweighted avg      0.492     0.506     0.479      1300\n"
  },
  "timing": {
    "run_time_seconds": 823.0724799633026,
    "run_time_minutes": 13.717874666055044
  },
  "analysis_info": {
    "train_class_distribution": {
      "2": 10240,
      "0": 9750,
      "1": 7988
    },
    "test_class_distribution": {
      "2": 599,
      "0": 402,
      "1": 299
    },
    "pred_class_distribution": {
      "2": 861,
      "0": 249,
      "1": 190
    },
    "class_0_avg_probability": 0.11718787215682043,
    "class_1_avg_probability": 0.21262565804284517,
    "class_2_avg_probability": 0.6701864698003344,
    "svm_num_support_vectors": 2796
  }
}