{
  "experiment_setup": {
    "config": {
      "classifier_type": "svm",
      "embedding_type": "tfidf",
      "use_select_kbest": true,
      "brand_removal": true,
      "use_lexical_syntactic": false,
      "use_vader_sentiment": false,
      "use_smote": true,
      "use_scaler": true,
      "use_lda": false,
      "save_interesting_articles": false,
      "use_bias_features": false,
      "lexical_csv_path": "precomputed_lexical_custom.csv",
      "sentiment_csv_path": "precomputed_sentiment_custom.csv",
      "bias_csv_path": "precomputed_bias_custom.csv",
      "results_dir": "experiments/svm/tfidf_kbest_brand_smote_scaler"
    },
    "best_params": {
      "clf__C": 0.00195172246414495,
      "clf__class_weight": null,
      "clf__kernel": "linear",
      "clf__max_iter": 500,
      "features__text__vectorizer__max_df": 0.8,
      "features__text__vectorizer__max_features": 10000,
      "features__text__vectorizer__min_df": 1,
      "features__text__vectorizer__ngram_range": [
        1,
        2
      ],
      "select__k": 1987,
      "select__score_func": "f_classif"
    },
    "best_cv_score": 0.5692287980849553,
    "split_mode": "media"
  },
  "performance_summary": {
    "test_metrics": {
      "accuracy": 0.3892307692307692,
      "mae": 0.8992307692307693,
      "macro_f1": 0.35718775181012163,
      "macro_precision": 0.35855725222098905,
      "macro_recall": 0.3587266967581768,
      "weighted_f1": 0.3863432804354286,
      "weighted_precision": 0.38575443513301705,
      "weighted_recall": 0.3892307692307692
    },
    "test_confusion_matrix": [
      [
        158,
        81,
        163
      ],
      [
        93,
        61,
        145
      ],
      [
        212,
        100,
        287
      ]
    ],
    "test_confidence_mean": 0.49923202582771664,
    "test_confidence_std": 0.13554167259895242,
    "classification_report_dict": {
      "0": {
        "precision": 0.3412526997840173,
        "recall": 0.39303482587064675,
        "f1-score": 0.3653179190751445,
        "support": 402.0
      },
      "1": {
        "precision": 0.25206611570247933,
        "recall": 0.2040133779264214,
        "f1-score": 0.2255083179297597,
        "support": 299.0
      },
      "2": {
        "precision": 0.4823529411764706,
        "recall": 0.4791318864774624,
        "f1-score": 0.4807370184254606,
        "support": 599.0
      },
      "accuracy": 0.3892307692307692,
      "macro avg": {
        "precision": 0.35855725222098905,
        "recall": 0.3587266967581768,
        "f1-score": 0.35718775181012163,
        "support": 1300.0
      },
      "weighted avg": {
        "precision": 0.38575443513301705,
        "recall": 0.3892307692307692,
        "f1-score": 0.3863432804354286,
        "support": 1300.0
      }
    },
    "classification_report_text": "              precision    recall  f1-score   support\n\n           0      0.341     0.393     0.365       402\n           1      0.252     0.204     0.226       299\n           2      0.482     0.479     0.481       599\n\n    accuracy                          0.389      1300\n   macro avg      0.359     0.359     0.357      1300\nweighted avg      0.386     0.389     0.386      1300\n"
  },
  "timing": {
    "run_time_seconds": 1113.4310610294342,
    "run_time_minutes": 18.55718435049057
  },
  "analysis_info": {
    "train_class_distribution": {
      "2": 10241,
      "0": 8861,
      "1": 7488
    },
    "test_class_distribution": {
      "2": 599,
      "0": 402,
      "1": 299
    },
    "pred_class_distribution": {
      "2": 595,
      "0": 463,
      "1": 242
    },
    "class_0_avg_probability": 0.26720107649808833,
    "class_1_avg_probability": 0.2897661752108612,
    "class_2_avg_probability": 0.4430327482910505,
    "svm_num_support_vectors": 2652,
    "brand_removal_enabled": true
  }
}