{
  "experiment_setup": {
    "config": {
      "classifier_type": "svm",
      "embedding_type": "tfidf",
      "brand_removal": false,
      "use_select_kbest": true,
      "use_smote": true,
      "use_scaler": false,
      "use_lexical_syntactic": false,
      "use_vader_sentiment": false,
      "use_lda": false,
      "use_bias_features": false,
      "save_interesting_articles": false,
      "lexical_csv_path": "precomputed_lexical_default.csv",
      "sentiment_csv_path": "precomputed_sentiment_default.csv",
      "bias_csv_path": "precomputed_bias_default.csv"
    },
    "best_params": {
      "clf__C": 1.7965626423790628,
      "clf__class_weight": null,
      "clf__kernel": "linear",
      "clf__max_iter": 500,
      "features__text__vectorizer__max_df": 0.8,
      "features__text__vectorizer__max_features": 10000,
      "features__text__vectorizer__min_df": 1,
      "features__text__vectorizer__ngram_range": [
        1,
        2
      ],
      "select__k": 1815,
      "select__score_func": "chi2"
    },
    "best_cv_score": 0.5402930062027815,
    "split_mode": "media"
  },
  "performance_summary": {
    "test_metrics": {
      "accuracy": 0.4876923076923077,
      "mae": 0.7692307692307693,
      "macro_f1": 0.41221436898162356,
      "macro_precision": 0.44363829699503493,
      "macro_recall": 0.4199968771615871,
      "weighted_f1": 0.4576492898077867,
      "weighted_precision": 0.46249649921314046,
      "weighted_recall": 0.4876923076923077
    },
    "test_confusion_matrix": [
      [
        144,
        40,
        218
      ],
      [
        81,
        50,
        168
      ],
      [
        116,
        43,
        440
      ]
    ],
    "test_confidence_mean": 0.6281186664515439,
    "test_confidence_std": 0.2664118352041617,
    "classification_report_dict": {
      "0": {
        "precision": 0.4222873900293255,
        "recall": 0.3582089552238806,
        "f1-score": 0.3876177658142665,
        "support": 402.0
      },
      "1": {
        "precision": 0.37593984962406013,
        "recall": 0.16722408026755853,
        "f1-score": 0.23148148148148148,
        "support": 299.0
      },
      "2": {
        "precision": 0.5326876513317191,
        "recall": 0.7345575959933222,
        "f1-score": 0.6175438596491228,
        "support": 599.0
      },
      "accuracy": 0.4876923076923077,
      "macro avg": {
        "precision": 0.44363829699503493,
        "recall": 0.4199968771615871,
        "f1-score": 0.41221436898162356,
        "support": 1300.0
      },
      "weighted avg": {
        "precision": 0.46249649921314046,
        "recall": 0.4876923076923077,
        "f1-score": 0.4576492898077867,
        "support": 1300.0
      }
    },
    "classification_report_text": "              precision    recall  f1-score   support\n\n           0      0.422     0.358     0.388       402\n           1      0.376     0.167     0.231       299\n           2      0.533     0.735     0.618       599\n\n    accuracy                          0.488      1300\n   macro avg      0.444     0.420     0.412      1300\nweighted avg      0.462     0.488     0.458      1300\n"
  },
  "timing": {
    "run_time_seconds": 847.6900610923767,
    "run_time_minutes": 14.128167684872945
  },
  "analysis_info": {
    "train_class_distribution": {
      "2": 10241,
      "0": 8861,
      "1": 7488
    },
    "test_class_distribution": {
      "2": 599,
      "0": 402,
      "1": 299
    },
    "pred_class_distribution": {
      "2": 826,
      "0": 341,
      "1": 133
    },
    "class_0_avg_probability": 0.1453676593118618,
    "class_1_avg_probability": 0.14550837209387993,
    "class_2_avg_probability": 0.7091239685942583,
    "svm_num_support_vectors": 2769
  }
}