{
  "experiment_setup": {
    "config": {
      "classifier_type": "logreg",
      "embedding_type": "tfidf",
      "brand_removal": false,
      "use_select_kbest": true,
      "use_lexical_syntactic": true,
      "use_vader_sentiment": false,
      "use_smote": false,
      "use_lda": false,
      "save_interesting_articles": false,
      "use_scaler": false,
      "use_bias_features": false,
      "lexical_csv_path": "precomputed_lexical_default.csv",
      "sentiment_csv_path": "precomputed_sentiment_default.csv",
      "bias_csv_path": "precomputed_bias_default.csv"
    },
    "best_params": {
      "clf__C": 1.7965626423790628,
      "clf__class_weight": null,
      "clf__max_iter": 2000,
      "clf__penalty": "l1",
      "clf__solver": "saga",
      "features__text__vectorizer__max_df": 0.8,
      "features__text__vectorizer__max_features": 10000,
      "features__text__vectorizer__min_df": 1,
      "features__text__vectorizer__ngram_range": [
        1,
        2
      ],
      "select__k": 1815,
      "select__score_func": "chi2"
    },
    "best_cv_score": 0.7708703500304492,
    "split_mode": "media"
  },
  "performance_summary": {
    "test_metrics": {
      "accuracy": 0.5546153846153846,
      "mae": 0.6446153846153846,
      "macro_f1": 0.5190472935334173,
      "macro_precision": 0.5290571983356215,
      "macro_recall": 0.5202872874300161,
      "weighted_f1": 0.5505026563498501,
      "weighted_precision": 0.5552170137388369,
      "weighted_recall": 0.5546153846153846
    },
    "test_confusion_matrix": [
      [
        238,
        53,
        111
      ],
      [
        115,
        97,
        87
      ],
      [
        148,
        65,
        386
      ]
    ],
    "test_confidence_mean": 0.6635134964809568,
    "test_confidence_std": 0.17662027848928039,
    "classification_report_dict": {
      "0": {
        "precision": 0.4750499001996008,
        "recall": 0.5920398009950248,
        "f1-score": 0.5271317829457365,
        "support": 402.0
      },
      "1": {
        "precision": 0.4511627906976744,
        "recall": 0.32441471571906355,
        "f1-score": 0.377431906614786,
        "support": 299.0
      },
      "2": {
        "precision": 0.660958904109589,
        "recall": 0.6444073455759599,
        "f1-score": 0.6525781910397295,
        "support": 599.0
      },
      "accuracy": 0.5546153846153846,
      "macro avg": {
        "precision": 0.5290571983356215,
        "recall": 0.5202872874300161,
        "f1-score": 0.5190472935334173,
        "support": 1300.0
      },
      "weighted avg": {
        "precision": 0.5552170137388369,
        "recall": 0.5546153846153846,
        "f1-score": 0.5505026563498501,
        "support": 1300.0
      }
    },
    "classification_report_text": "              precision    recall  f1-score   support\n\n           0      0.475     0.592     0.527       402\n           1      0.451     0.324     0.377       299\n           2      0.661     0.644     0.653       599\n\n    accuracy                          0.555      1300\n   macro avg      0.529     0.520     0.519      1300\nweighted avg      0.555     0.555     0.551      1300\n"
  },
  "timing": {
    "run_time_seconds": 534.1224348545074,
    "run_time_minutes": 8.902040580908457
  },
  "analysis_info": {
    "train_class_distribution": {
      "2": 10241,
      "0": 8861,
      "1": 7488
    },
    "test_class_distribution": {
      "2": 599,
      "0": 402,
      "1": 299
    },
    "pred_class_distribution": {
      "2": 584,
      "0": 501,
      "1": 215
    },
    "class_0_avg_probability": 0.3782081251702695,
    "class_1_avg_probability": 0.22185337837983285,
    "class_2_avg_probability": 0.39993849644989765,
    "logreg_n_iter": [
      1073
    ]
  }
}