{
  "experiment_setup": {
    "config": {
      "classifier_type": "nb",
      "embedding_type": "tfidf",
      "use_select_kbest": true,
      "brand_removal": false,
      "use_lexical_syntactic": true,
      "use_vader_sentiment": false,
      "use_smote": true,
      "use_scaler": false,
      "use_lda": false,
      "save_interesting_articles": false,
      "use_bias_features": false,
      "lexical_csv_path": "precomputed_lexical_default.csv",
      "sentiment_csv_path": "precomputed_sentiment_default.csv",
      "bias_csv_path": "precomputed_bias_default.csv",
      "results_dir": "experiments/nb/tfidf_kbest_lex_smote"
    },
    "best_params": {
      "clf__alpha": 0.020940138873937437,
      "clf__fit_prior": false,
      "features__text__vectorizer__max_df": 0.8,
      "features__text__vectorizer__max_features": 10000,
      "features__text__vectorizer__min_df": 1,
      "features__text__vectorizer__ngram_range": [
        1,
        2
      ],
      "select__k": 489,
      "select__score_func": "chi2"
    },
    "best_cv_score": 0.6688207721888343,
    "split_mode": "media"
  },
  "performance_summary": {
    "test_metrics": {
      "accuracy": 0.47846153846153844,
      "mae": 0.77,
      "macro_f1": 0.44027373013632265,
      "macro_precision": 0.4543157936591043,
      "macro_recall": 0.45387335900401693,
      "weighted_f1": 0.4680402207960964,
      "weighted_precision": 0.4819503615732994,
      "weighted_recall": 0.47846153846153844
    },
    "test_confusion_matrix": [
      [
        262,
        45,
        95
      ],
      [
        117,
        65,
        117
      ],
      [
        228,
        76,
        295
      ]
    ],
    "test_confidence_mean": 0.4085043343808091,
    "test_confidence_std": 0.07895652131024108,
    "classification_report_dict": {
      "0": {
        "precision": 0.4316309719934102,
        "recall": 0.6517412935323383,
        "f1-score": 0.5193260654112983,
        "support": 402.0
      },
      "1": {
        "precision": 0.34946236559139787,
        "recall": 0.21739130434782608,
        "f1-score": 0.26804123711340205,
        "support": 299.0
      },
      "2": {
        "precision": 0.5818540433925049,
        "recall": 0.49248747913188645,
        "f1-score": 0.5334538878842676,
        "support": 599.0
      },
      "accuracy": 0.47846153846153844,
      "macro avg": {
        "precision": 0.4543157936591043,
        "recall": 0.45387335900401693,
        "f1-score": 0.44027373013632265,
        "support": 1300.0
      },
      "weighted avg": {
        "precision": 0.4819503615732994,
        "recall": 0.47846153846153844,
        "f1-score": 0.4680402207960964,
        "support": 1300.0
      }
    },
    "classification_report_text": "              precision    recall  f1-score   support\n\n           0      0.432     0.652     0.519       402\n           1      0.349     0.217     0.268       299\n           2      0.582     0.492     0.533       599\n\n    accuracy                          0.478      1300\n   macro avg      0.454     0.454     0.440      1300\nweighted avg      0.482     0.478     0.468      1300\n"
  },
  "timing": {
    "run_time_seconds": 120.05801272392273,
    "run_time_minutes": 2.0009668787320454
  },
  "analysis_info": {
    "train_class_distribution": {
      "2": 10241,
      "0": 8861,
      "1": 7488
    },
    "test_class_distribution": {
      "2": 599,
      "0": 402,
      "1": 299
    },
    "pred_class_distribution": {
      "0": 607,
      "2": 507,
      "1": 186
    },
    "class_0_avg_probability": 0.3375285942397431,
    "class_1_avg_probability": 0.3073962406330287,
    "class_2_avg_probability": 0.3550751651272283
  }
}