{
  "experiment_setup": {
    "config": {
      "classifier_type": "nb",
      "embedding_type": "tfidf",
      "use_select_kbest": true,
      "brand_removal": false,
      "use_lexical_syntactic": true,
      "use_vader_sentiment": false,
      "use_smote": true,
      "use_scaler": true,
      "use_lda": false,
      "save_interesting_articles": false,
      "use_bias_features": false,
      "lexical_csv_path": "precomputed_lexical_default.csv",
      "sentiment_csv_path": "precomputed_sentiment_default.csv",
      "bias_csv_path": "precomputed_bias_default.csv",
      "results_dir": "experiments/nb/tfidf_kbest_lex_smote_scaler"
    },
    "best_params": {
      "clf__alpha": 0.8231433730995551,
      "clf__fit_prior": false,
      "features__text__vectorizer__max_df": 0.8,
      "features__text__vectorizer__max_features": 10000,
      "features__text__vectorizer__min_df": 1,
      "features__text__vectorizer__ngram_range": [
        1,
        2
      ],
      "select__k": 1255,
      "select__score_func": "f_classif"
    },
    "best_cv_score": 0.6502029272377049,
    "split_mode": "random"
  },
  "performance_summary": {
    "test_metrics": {
      "accuracy": 0.6530769230769231,
      "mae": 0.5423076923076923,
      "macro_f1": 0.6415398990338572,
      "macro_precision": 0.643647125860154,
      "macro_recall": 0.6451300309043964,
      "weighted_f1": 0.6480835368495258,
      "weighted_precision": 0.6484614241535307,
      "weighted_recall": 0.6530769230769231
    },
    "test_confusion_matrix": [
      [
        193,
        54,
        155
      ],
      [
        33,
        215,
        51
      ],
      [
        99,
        59,
        441
      ]
    ],
    "test_confidence_mean": 0.9765770871047474,
    "test_confidence_std": 0.08070448840841445,
    "classification_report_dict": {
      "0": {
        "precision": 0.5938461538461538,
        "recall": 0.48009950248756217,
        "f1-score": 0.530949105914718,
        "support": 402.0
      },
      "1": {
        "precision": 0.6554878048780488,
        "recall": 0.7190635451505016,
        "f1-score": 0.6858054226475279,
        "support": 299.0
      },
      "2": {
        "precision": 0.6816074188562596,
        "recall": 0.7362270450751253,
        "f1-score": 0.7078651685393258,
        "support": 599.0
      },
      "accuracy": 0.6530769230769231,
      "macro avg": {
        "precision": 0.643647125860154,
        "recall": 0.6451300309043964,
        "f1-score": 0.6415398990338572,
        "support": 1300.0
      },
      "weighted avg": {
        "precision": 0.6484614241535307,
        "recall": 0.6530769230769231,
        "f1-score": 0.6480835368495258,
        "support": 1300.0
      }
    },
    "classification_report_text": "              precision    recall  f1-score   support\n\n           0      0.594     0.480     0.531       402\n           1      0.655     0.719     0.686       299\n           2      0.682     0.736     0.708       599\n\n    accuracy                          0.653      1300\n   macro avg      0.644     0.645     0.642      1300\nweighted avg      0.648     0.653     0.648      1300\n"
  },
  "timing": {
    "run_time_seconds": 132.01078605651855,
    "run_time_minutes": 2.2001797676086428
  },
  "analysis_info": {
    "train_class_distribution": {
      "2": 10240,
      "0": 9750,
      "1": 7988
    },
    "test_class_distribution": {
      "2": 599,
      "0": 402,
      "1": 299
    },
    "pred_class_distribution": {
      "2": 647,
      "1": 328,
      "0": 325
    },
    "class_0_avg_probability": 0.25121791449216113,
    "class_1_avg_probability": 0.2517467998304379,
    "class_2_avg_probability": 0.49703528567740163
  }
}