{
  "experiment_setup": {
    "config": {
      "classifier_type": "svm",
      "embedding_type": "tfidf",
      "use_select_kbest": true,
      "brand_removal": true,
      "use_lexical_syntactic": true,
      "use_vader_sentiment": false,
      "use_smote": true,
      "use_scaler": false,
      "use_lda": false,
      "save_interesting_articles": false,
      "use_bias_features": false,
      "lexical_csv_path": "precomputed_lexical_custom.csv",
      "sentiment_csv_path": "precomputed_sentiment_custom.csv",
      "bias_csv_path": "precomputed_bias_custom.csv",
      "results_dir": "experiments/svm/tfidf_kbest_brand_lex_smote"
    },
    "best_params": {
      "clf__C": 7.510418138777536,
      "clf__class_weight": "balanced",
      "clf__kernel": "linear",
      "clf__max_iter": 500,
      "features__text__vectorizer__max_df": 0.8,
      "features__text__vectorizer__max_features": 10000,
      "features__text__vectorizer__min_df": 1,
      "features__text__vectorizer__ngram_range": [
        1,
        2
      ],
      "select__k": 1295,
      "select__score_func": "chi2"
    },
    "best_cv_score": 0.528215553377082,
    "split_mode": "media"
  },
  "performance_summary": {
    "test_metrics": {
      "accuracy": 0.46307692307692305,
      "mae": 0.7984615384615384,
      "macro_f1": 0.40151556483082534,
      "macro_precision": 0.4221335537848238,
      "macro_recall": 0.4047989848469558,
      "weighted_f1": 0.4405062798698226,
      "weighted_precision": 0.4416585771233606,
      "weighted_recall": 0.46307692307692305
    },
    "test_confusion_matrix": [
      [
        129,
        55,
        218
      ],
      [
        56,
        62,
        181
      ],
      [
        122,
        66,
        411
      ]
    ],
    "test_confidence_mean": 0.5541829119737788,
    "test_confidence_std": 0.2036648499295891,
    "classification_report_dict": {
      "0": {
        "precision": 0.4201954397394137,
        "recall": 0.3208955223880597,
        "f1-score": 0.3638928067700987,
        "support": 402.0
      },
      "1": {
        "precision": 0.33879781420765026,
        "recall": 0.20735785953177258,
        "f1-score": 0.2572614107883817,
        "support": 299.0
      },
      "2": {
        "precision": 0.5074074074074074,
        "recall": 0.6861435726210351,
        "f1-score": 0.5833924769339958,
        "support": 599.0
      },
      "accuracy": 0.46307692307692305,
      "macro avg": {
        "precision": 0.4221335537848238,
        "recall": 0.4047989848469558,
        "f1-score": 0.40151556483082534,
        "support": 1300.0
      },
      "weighted avg": {
        "precision": 0.4416585771233606,
        "recall": 0.46307692307692305,
        "f1-score": 0.4405062798698226,
        "support": 1300.0
      }
    },
    "classification_report_text": "              precision    recall  f1-score   support\n\n           0      0.420     0.321     0.364       402\n           1      0.339     0.207     0.257       299\n           2      0.507     0.686     0.583       599\n\n    accuracy                          0.463      1300\n   macro avg      0.422     0.405     0.402      1300\nweighted avg      0.442     0.463     0.441      1300\n"
  },
  "timing": {
    "run_time_seconds": 801.5347084999084,
    "run_time_minutes": 13.358911808331808
  },
  "analysis_info": {
    "train_class_distribution": {
      "2": 10241,
      "0": 8861,
      "1": 7488
    },
    "test_class_distribution": {
      "2": 599,
      "0": 402,
      "1": 299
    },
    "pred_class_distribution": {
      "2": 810,
      "0": 307,
      "1": 183
    },
    "class_0_avg_probability": 0.15567914903714855,
    "class_1_avg_probability": 0.24793168424902012,
    "class_2_avg_probability": 0.5963891667138314,
    "svm_num_support_vectors": 2770,
    "brand_removal_enabled": true
  }
}