{
  "experiment_setup": {
    "config": {
      "classifier_type": "cnb",
      "embedding_type": "tfidf",
      "use_select_kbest": true,
      "brand_removal": true,
      "use_lexical_syntactic": true,
      "use_vader_sentiment": true,
      "use_smote": true,
      "use_scaler": true,
      "use_lda": false,
      "save_interesting_articles": false,
      "use_bias_features": false,
      "lexical_csv_path": "precomputed_lexical_custom.csv",
      "sentiment_csv_path": "precomputed_sentiment_custom.csv",
      "bias_csv_path": "precomputed_bias_custom.csv",
      "results_dir": "experiments/cnb/tfidf_kbest_brand_lex_vader_smote_scaler"
    },
    "best_params": {
      "clf__alpha": 1.7052641538983098,
      "clf__fit_prior": false,
      "clf__norm": false,
      "features__text__vectorizer__max_df": 0.8,
      "features__text__vectorizer__max_features": 10000,
      "features__text__vectorizer__min_df": 1,
      "features__text__vectorizer__ngram_range": [
        1,
        2
      ],
      "select__k": 1515,
      "select__score_func": "f_classif"
    },
    "best_cv_score": 0.630049675353231,
    "split_mode": "random"
  },
  "performance_summary": {
    "test_metrics": {
      "accuracy": 0.6130769230769231,
      "mae": 0.5992307692307692,
      "macro_f1": 0.5965959708103018,
      "macro_precision": 0.6090244636589167,
      "macro_recall": 0.595390829023782,
      "weighted_f1": 0.6057772071231787,
      "weighted_precision": 0.6101889186238926,
      "weighted_recall": 0.6130769230769231
    },
    "test_confusion_matrix": [
      [
        172,
        51,
        179
      ],
      [
        24,
        188,
        87
      ],
      [
        97,
        65,
        437
      ]
    ],
    "test_confidence_mean": 0.511039066915221,
    "test_confidence_std": 0.1150500894656841,
    "classification_report_dict": {
      "0": {
        "precision": 0.5870307167235495,
        "recall": 0.42786069651741293,
        "f1-score": 0.4949640287769784,
        "support": 402.0
      },
      "1": {
        "precision": 0.618421052631579,
        "recall": 0.6287625418060201,
        "f1-score": 0.6235489220563848,
        "support": 299.0
      },
      "2": {
        "precision": 0.6216216216216216,
        "recall": 0.7295492487479132,
        "f1-score": 0.6712749615975423,
        "support": 599.0
      },
      "accuracy": 0.6130769230769231,
      "macro avg": {
        "precision": 0.6090244636589167,
        "recall": 0.595390829023782,
        "f1-score": 0.5965959708103018,
        "support": 1300.0
      },
      "weighted avg": {
        "precision": 0.6101889186238926,
        "recall": 0.6130769230769231,
        "f1-score": 0.6057772071231787,
        "support": 1300.0
      }
    },
    "classification_report_text": "              precision    recall  f1-score   support\n\n           0      0.587     0.428     0.495       402\n           1      0.618     0.629     0.624       299\n           2      0.622     0.730     0.671       599\n\n    accuracy                          0.613      1300\n   macro avg      0.609     0.595     0.597      1300\nweighted avg      0.610     0.613     0.606      1300\n"
  },
  "timing": {
    "run_time_seconds": 41.84371566772461,
    "run_time_minutes": 0.6973952611287435
  },
  "analysis_info": {
    "train_class_distribution": {
      "2": 10240,
      "0": 9750,
      "1": 7988
    },
    "test_class_distribution": {
      "2": 599,
      "0": 402,
      "1": 299
    },
    "pred_class_distribution": {
      "2": 703,
      "1": 304,
      "0": 293
    },
    "class_0_avg_probability": 0.30167865101619457,
    "class_1_avg_probability": 0.279821772469785,
    "class_2_avg_probability": 0.4184995765140203,
    "brand_removal_enabled": true
  }
}