{
  "experiment_setup": {
    "config": {
      "classifier_type": "nb",
      "embedding_type": "tfidf",
      "use_select_kbest": true,
      "brand_removal": true,
      "use_lexical_syntactic": false,
      "use_vader_sentiment": false,
      "use_smote": true,
      "use_scaler": true,
      "use_lda": false,
      "save_interesting_articles": false,
      "use_bias_features": false,
      "lexical_csv_path": "precomputed_lexical_custom.csv",
      "sentiment_csv_path": "precomputed_sentiment_custom.csv",
      "bias_csv_path": "precomputed_bias_custom.csv",
      "results_dir": "experiments/nb/tfidf_kbest_brand_smote_scaler"
    },
    "best_params": {
      "clf__alpha": 0.052150266974116635,
      "clf__fit_prior": false,
      "features__text__vectorizer__max_df": 0.8,
      "features__text__vectorizer__max_features": 10000,
      "features__text__vectorizer__min_df": 1,
      "features__text__vectorizer__ngram_range": [
        1,
        2
      ],
      "select__k": 1800,
      "select__score_func": "f_classif"
    },
    "best_cv_score": 0.6731562679708044,
    "split_mode": "media"
  },
  "performance_summary": {
    "test_metrics": {
      "accuracy": 0.5176923076923077,
      "mae": 0.74,
      "macro_f1": 0.47327469053160415,
      "macro_precision": 0.513100146462428,
      "macro_recall": 0.472799888531169,
      "weighted_f1": 0.5036213217543986,
      "weighted_precision": 0.5187166655681987,
      "weighted_recall": 0.5176923076923077
    },
    "test_confusion_matrix": [
      [
        213,
        27,
        162
      ],
      [
        80,
        72,
        147
      ],
      [
        173,
        38,
        388
      ]
    ],
    "test_confidence_mean": 0.9788677911336785,
    "test_confidence_std": 0.07448977009186518,
    "classification_report_dict": {
      "0": {
        "precision": 0.4570815450643777,
        "recall": 0.5298507462686567,
        "f1-score": 0.49078341013824883,
        "support": 402.0
      },
      "1": {
        "precision": 0.5255474452554745,
        "recall": 0.2408026755852843,
        "f1-score": 0.3302752293577982,
        "support": 299.0
      },
      "2": {
        "precision": 0.5566714490674318,
        "recall": 0.6477462437395659,
        "f1-score": 0.5987654320987654,
        "support": 599.0
      },
      "accuracy": 0.5176923076923077,
      "macro avg": {
        "precision": 0.513100146462428,
        "recall": 0.472799888531169,
        "f1-score": 0.47327469053160415,
        "support": 1300.0
      },
      "weighted avg": {
        "precision": 0.5187166655681987,
        "recall": 0.5176923076923077,
        "f1-score": 0.5036213217543986,
        "support": 1300.0
      }
    },
    "classification_report_text": "              precision    recall  f1-score   support\n\n           0      0.457     0.530     0.491       402\n           1      0.526     0.241     0.330       299\n           2      0.557     0.648     0.599       599\n\n    accuracy                          0.518      1300\n   macro avg      0.513     0.473     0.473      1300\nweighted avg      0.519     0.518     0.504      1300\n"
  },
  "timing": {
    "run_time_seconds": 126.70852613449097,
    "run_time_minutes": 2.111808768908183
  },
  "analysis_info": {
    "train_class_distribution": {
      "2": 10241,
      "0": 8861,
      "1": 7488
    },
    "test_class_distribution": {
      "2": 599,
      "0": 402,
      "1": 299
    },
    "pred_class_distribution": {
      "2": 697,
      "0": 466,
      "1": 137
    },
    "class_0_avg_probability": 0.3583615584358445,
    "class_1_avg_probability": 0.1065042854290729,
    "class_2_avg_probability": 0.5351341561350803,
    "brand_removal_enabled": true
  }
}