{
  "experiment_setup": {
    "config": {
      "classifier_type": "svm",
      "embedding_type": "tfidf",
      "use_select_kbest": true,
      "brand_removal": false,
      "use_lexical_syntactic": true,
      "use_vader_sentiment": true,
      "use_smote": false,
      "use_scaler": true,
      "use_lda": false,
      "save_interesting_articles": false,
      "use_bias_features": false,
      "lexical_csv_path": "precomputed_lexical_default.csv",
      "sentiment_csv_path": "precomputed_sentiment_default.csv",
      "bias_csv_path": "precomputed_bias_default.csv",
      "results_dir": "experiments/svm/tfidf_kbest_lex_vader_scaler"
    },
    "best_params": {
      "clf__C": 0.00195172246414495,
      "clf__class_weight": null,
      "clf__kernel": "linear",
      "clf__max_iter": 500,
      "features__text__vectorizer__max_df": 0.8,
      "features__text__vectorizer__max_features": 10000,
      "features__text__vectorizer__min_df": 1,
      "features__text__vectorizer__ngram_range": [
        1,
        2
      ],
      "select__k": 1987,
      "select__score_func": "f_classif"
    },
    "best_cv_score": 0.5253327929543041,
    "split_mode": "random"
  },
  "performance_summary": {
    "test_metrics": {
      "accuracy": 0.48307692307692307,
      "mae": 0.7738461538461539,
      "macro_f1": 0.471002034992891,
      "macro_precision": 0.4725570295309405,
      "macro_recall": 0.47270148384270017,
      "weighted_f1": 0.48498073063800307,
      "weighted_precision": 0.4903464327627554,
      "weighted_recall": 0.48307692307692307
    },
    "test_confusion_matrix": [
      [
        198,
        68,
        136
      ],
      [
        79,
        124,
        96
      ],
      [
        198,
        95,
        306
      ]
    ],
    "test_confidence_mean": 0.4734902903603672,
    "test_confidence_std": 0.1191802978318332,
    "classification_report_dict": {
      "0": {
        "precision": 0.4168421052631579,
        "recall": 0.4925373134328358,
        "f1-score": 0.45153933865450396,
        "support": 402.0
      },
      "1": {
        "precision": 0.43205574912891986,
        "recall": 0.41471571906354515,
        "f1-score": 0.4232081911262799,
        "support": 299.0
      },
      "2": {
        "precision": 0.5687732342007435,
        "recall": 0.5108514190317195,
        "f1-score": 0.5382585751978892,
        "support": 599.0
      },
      "accuracy": 0.48307692307692307,
      "macro avg": {
        "precision": 0.4725570295309405,
        "recall": 0.47270148384270017,
        "f1-score": 0.471002034992891,
        "support": 1300.0
      },
      "weighted avg": {
        "precision": 0.4903464327627554,
        "recall": 0.48307692307692307,
        "f1-score": 0.48498073063800307,
        "support": 1300.0
      }
    },
    "classification_report_text": "              precision    recall  f1-score   support\n\n           0      0.417     0.493     0.452       402\n           1      0.432     0.415     0.423       299\n           2      0.569     0.511     0.538       599\n\n    accuracy                          0.483      1300\n   macro avg      0.473     0.473     0.471      1300\nweighted avg      0.490     0.483     0.485      1300\n"
  },
  "timing": {
    "run_time_seconds": 981.6260888576508,
    "run_time_minutes": 16.36043481429418
  },
  "analysis_info": {
    "train_class_distribution": {
      "2": 10240,
      "0": 9750,
      "1": 7988
    },
    "test_class_distribution": {
      "2": 599,
      "0": 402,
      "1": 299
    },
    "pred_class_distribution": {
      "2": 538,
      "0": 475,
      "1": 287
    },
    "class_0_avg_probability": 0.30129606530839037,
    "class_1_avg_probability": 0.2675662986628396,
    "class_2_avg_probability": 0.4311376360287701,
    "svm_num_support_vectors": 2694
  }
}