{
  "experiment_setup": {
    "config": {
      "classifier_type": "cnb",
      "embedding_type": "tfidf",
      "use_select_kbest": true,
      "brand_removal": true,
      "use_lexical_syntactic": false,
      "use_vader_sentiment": true,
      "use_smote": true,
      "use_scaler": true,
      "use_lda": false,
      "save_interesting_articles": false,
      "use_bias_features": false,
      "lexical_csv_path": "precomputed_lexical_custom.csv",
      "sentiment_csv_path": "precomputed_sentiment_custom.csv",
      "bias_csv_path": "precomputed_bias_custom.csv",
      "results_dir": "experiments/cnb/tfidf_kbest_brand_vader_smote_scaler"
    },
    "best_params": {
      "clf__alpha": 1.7052641538983098,
      "clf__fit_prior": false,
      "clf__norm": false,
      "features__text__vectorizer__max_df": 0.8,
      "features__text__vectorizer__max_features": 10000,
      "features__text__vectorizer__min_df": 1,
      "features__text__vectorizer__ngram_range": [
        1,
        2
      ],
      "select__k": 1515,
      "select__score_func": "f_classif"
    },
    "best_cv_score": 0.6601559733835219,
    "split_mode": "media"
  },
  "performance_summary": {
    "test_metrics": {
      "accuracy": 0.5169230769230769,
      "mae": 0.7423076923076923,
      "macro_f1": 0.45580741412737336,
      "macro_precision": 0.5173476336673207,
      "macro_recall": 0.4594791021081215,
      "weighted_f1": 0.4927428126289263,
      "weighted_precision": 0.5183495076837259,
      "weighted_recall": 0.5169230769230769
    },
    "test_confusion_matrix": [
      [
        201,
        15,
        186
      ],
      [
        69,
        55,
        175
      ],
      [
        151,
        32,
        416
      ]
    ],
    "test_confidence_mean": 0.5177316520391316,
    "test_confidence_std": 0.1251581838069487,
    "classification_report_dict": {
      "0": {
        "precision": 0.47743467933491684,
        "recall": 0.5,
        "f1-score": 0.488456865127582,
        "support": 402.0
      },
      "1": {
        "precision": 0.5392156862745098,
        "recall": 0.18394648829431437,
        "f1-score": 0.2743142144638404,
        "support": 299.0
      },
      "2": {
        "precision": 0.5353925353925354,
        "recall": 0.6944908180300501,
        "f1-score": 0.6046511627906976,
        "support": 599.0
      },
      "accuracy": 0.5169230769230769,
      "macro avg": {
        "precision": 0.5173476336673207,
        "recall": 0.4594791021081215,
        "f1-score": 0.45580741412737336,
        "support": 1300.0
      },
      "weighted avg": {
        "precision": 0.5183495076837259,
        "recall": 0.5169230769230769,
        "f1-score": 0.4927428126289263,
        "support": 1300.0
      }
    },
    "classification_report_text": "              precision    recall  f1-score   support\n\n           0      0.477     0.500     0.488       402\n           1      0.539     0.184     0.274       299\n           2      0.535     0.694     0.605       599\n\n    accuracy                          0.517      1300\n   macro avg      0.517     0.459     0.456      1300\nweighted avg      0.518     0.517     0.493      1300\n"
  },
  "timing": {
    "run_time_seconds": 109.46761775016785,
    "run_time_minutes": 1.8244602958361307
  },
  "analysis_info": {
    "train_class_distribution": {
      "2": 10241,
      "0": 8861,
      "1": 7488
    },
    "test_class_distribution": {
      "2": 599,
      "0": 402,
      "1": 299
    },
    "pred_class_distribution": {
      "2": 777,
      "0": 421,
      "1": 102
    },
    "class_0_avg_probability": 0.3412538618481625,
    "class_1_avg_probability": 0.2121664628029813,
    "class_2_avg_probability": 0.44657967534885634,
    "brand_removal_enabled": true
  }
}