{
  "experiment_setup": {
    "config": {
      "classifier_type": "nb",
      "embedding_type": "tfidf",
      "use_select_kbest": true,
      "brand_removal": false,
      "use_lexical_syntactic": false,
      "use_vader_sentiment": false,
      "use_smote": true,
      "use_scaler": true,
      "use_lda": false,
      "save_interesting_articles": false,
      "use_bias_features": false,
      "lexical_csv_path": "precomputed_lexical_default.csv",
      "sentiment_csv_path": "precomputed_sentiment_default.csv",
      "bias_csv_path": "precomputed_bias_default.csv",
      "results_dir": "experiments/nb/tfidf_kbest_smote_scaler"
    },
    "best_params": {
      "clf__alpha": 0.8231433730995551,
      "clf__fit_prior": false,
      "features__text__vectorizer__max_df": 0.8,
      "features__text__vectorizer__max_features": 10000,
      "features__text__vectorizer__min_df": 1,
      "features__text__vectorizer__ngram_range": [
        1,
        2
      ],
      "select__k": 1255,
      "select__score_func": "f_classif"
    },
    "best_cv_score": 0.6509366758563057,
    "split_mode": "random"
  },
  "performance_summary": {
    "test_metrics": {
      "accuracy": 0.6569230769230769,
      "mae": 0.5376923076923077,
      "macro_f1": 0.6456664561418791,
      "macro_precision": 0.6468476651631426,
      "macro_recall": 0.6498601829333669,
      "weighted_f1": 0.6520051129043876,
      "weighted_precision": 0.6520654949487864,
      "weighted_recall": 0.6569230769230769
    },
    "test_confusion_matrix": [
      [
        194,
        55,
        153
      ],
      [
        34,
        218,
        47
      ],
      [
        100,
        57,
        442
      ]
    ],
    "test_confidence_mean": 0.9771821967042409,
    "test_confidence_std": 0.0778036205429523,
    "classification_report_dict": {
      "0": {
        "precision": 0.5914634146341463,
        "recall": 0.48258706467661694,
        "f1-score": 0.5315068493150685,
        "support": 402.0
      },
      "1": {
        "precision": 0.6606060606060606,
        "recall": 0.7290969899665551,
        "f1-score": 0.6931637519872814,
        "support": 299.0
      },
      "2": {
        "precision": 0.6884735202492211,
        "recall": 0.7378964941569283,
        "f1-score": 0.7123287671232876,
        "support": 599.0
      },
      "accuracy": 0.6569230769230769,
      "macro avg": {
        "precision": 0.6468476651631426,
        "recall": 0.6498601829333669,
        "f1-score": 0.6456664561418791,
        "support": 1300.0
      },
      "weighted avg": {
        "precision": 0.6520654949487864,
        "recall": 0.6569230769230769,
        "f1-score": 0.6520051129043876,
        "support": 1300.0
      }
    },
    "classification_report_text": "              precision    recall  f1-score   support\n\n           0      0.591     0.483     0.532       402\n           1      0.661     0.729     0.693       299\n           2      0.688     0.738     0.712       599\n\n    accuracy                          0.657      1300\n   macro avg      0.647     0.650     0.646      1300\nweighted avg      0.652     0.657     0.652      1300\n"
  },
  "timing": {
    "run_time_seconds": 127.45849061012268,
    "run_time_minutes": 2.124308176835378
  },
  "analysis_info": {
    "train_class_distribution": {
      "2": 10240,
      "0": 9750,
      "1": 7988
    },
    "test_class_distribution": {
      "2": 599,
      "0": 402,
      "1": 299
    },
    "pred_class_distribution": {
      "2": 642,
      "1": 330,
      "0": 328
    },
    "class_0_avg_probability": 0.25372038289475835,
    "class_1_avg_probability": 0.2541830516712936,
    "class_2_avg_probability": 0.4920965654339501
  }
}