{
  "experiment_setup": {
    "config": {
      "classifier_type": "cnb",
      "embedding_type": "tfidf",
      "use_select_kbest": true,
      "brand_removal": true,
      "use_lexical_syntactic": true,
      "use_vader_sentiment": true,
      "use_smote": false,
      "use_scaler": true,
      "use_lda": false,
      "save_interesting_articles": false,
      "use_bias_features": false,
      "lexical_csv_path": "precomputed_lexical_custom.csv",
      "sentiment_csv_path": "precomputed_sentiment_custom.csv",
      "bias_csv_path": "precomputed_bias_custom.csv",
      "results_dir": "experiments/cnb/tfidf_kbest_brand_lex_vader_scaler"
    },
    "best_params": {
      "clf__alpha": 1.7052641538983098,
      "clf__fit_prior": false,
      "clf__norm": false,
      "features__text__vectorizer__max_df": 0.8,
      "features__text__vectorizer__max_features": 10000,
      "features__text__vectorizer__min_df": 1,
      "features__text__vectorizer__ngram_range": [
        1,
        2
      ],
      "select__k": 1515,
      "select__score_func": "f_classif"
    },
    "best_cv_score": 0.6265225439609525,
    "split_mode": "random"
  },
  "performance_summary": {
    "test_metrics": {
      "accuracy": 0.6138461538461538,
      "mae": 0.5984615384615385,
      "macro_f1": 0.5927285430062245,
      "macro_precision": 0.6140467719415087,
      "macro_recall": 0.587026740695141,
      "weighted_f1": 0.6048538531929715,
      "weighted_precision": 0.6124878899777685,
      "weighted_recall": 0.6138461538461538
    },
    "test_confusion_matrix": [
      [
        170,
        47,
        185
      ],
      [
        25,
        173,
        101
      ],
      [
        91,
        53,
        455
      ]
    ],
    "test_confidence_mean": 0.5106716061786488,
    "test_confidence_std": 0.1146617066234312,
    "classification_report_dict": {
      "0": {
        "precision": 0.5944055944055944,
        "recall": 0.4228855721393035,
        "f1-score": 0.4941860465116279,
        "support": 402.0
      },
      "1": {
        "precision": 0.6336996336996337,
        "recall": 0.5785953177257525,
        "f1-score": 0.6048951048951049,
        "support": 299.0
      },
      "2": {
        "precision": 0.6140350877192983,
        "recall": 0.7595993322203672,
        "f1-score": 0.6791044776119403,
        "support": 599.0
      },
      "accuracy": 0.6138461538461538,
      "macro avg": {
        "precision": 0.6140467719415087,
        "recall": 0.587026740695141,
        "f1-score": 0.5927285430062245,
        "support": 1300.0
      },
      "weighted avg": {
        "precision": 0.6124878899777685,
        "recall": 0.6138461538461538,
        "f1-score": 0.6048538531929715,
        "support": 1300.0
      }
    },
    "classification_report_text": "              precision    recall  f1-score   support\n\n           0      0.594     0.423     0.494       402\n           1      0.634     0.579     0.605       299\n           2      0.614     0.760     0.679       599\n\n    accuracy                          0.614      1300\n   macro avg      0.614     0.587     0.593      1300\nweighted avg      0.612     0.614     0.605      1300\n"
  },
  "timing": {
    "run_time_seconds": 42.32792592048645,
    "run_time_minutes": 0.7054654320081075
  },
  "analysis_info": {
    "train_class_distribution": {
      "2": 10240,
      "0": 9750,
      "1": 7988
    },
    "test_class_distribution": {
      "2": 599,
      "0": 402,
      "1": 299
    },
    "pred_class_distribution": {
      "2": 741,
      "0": 286,
      "1": 273
    },
    "class_0_avg_probability": 0.2951405618179144,
    "class_1_avg_probability": 0.2787523199173679,
    "class_2_avg_probability": 0.42610711826471753,
    "brand_removal_enabled": true
  }
}