{
  "experiment_setup": {
    "config": {
      "classifier_type": "nb",
      "embedding_type": "tfidf",
      "use_select_kbest": true,
      "brand_removal": true,
      "use_lexical_syntactic": true,
      "use_vader_sentiment": false,
      "use_smote": false,
      "use_scaler": true,
      "use_lda": false,
      "save_interesting_articles": false,
      "use_bias_features": false,
      "lexical_csv_path": "precomputed_lexical_custom.csv",
      "sentiment_csv_path": "precomputed_sentiment_custom.csv",
      "bias_csv_path": "precomputed_bias_custom.csv",
      "results_dir": "experiments/nb/tfidf_kbest_brand_lex_scaler"
    },
    "best_params": {
      "clf__alpha": 0.052150266974116635,
      "clf__fit_prior": false,
      "features__text__vectorizer__max_df": 0.8,
      "features__text__vectorizer__max_features": 10000,
      "features__text__vectorizer__min_df": 1,
      "features__text__vectorizer__ngram_range": [
        1,
        2
      ],
      "select__k": 1800,
      "select__score_func": "f_classif"
    },
    "best_cv_score": 0.6717503922290644,
    "split_mode": "media"
  },
  "performance_summary": {
    "test_metrics": {
      "accuracy": 0.5161538461538462,
      "mae": 0.7407692307692307,
      "macro_f1": 0.46583654356990506,
      "macro_precision": 0.5088720466821047,
      "macro_recall": 0.4667006312150339,
      "weighted_f1": 0.49904237832904247,
      "weighted_precision": 0.5148742301166156,
      "weighted_recall": 0.5161538461538462
    },
    "test_confusion_matrix": [
      [
        207,
        24,
        171
      ],
      [
        81,
        66,
        152
      ],
      [
        163,
        38,
        398
      ]
    ],
    "test_confidence_mean": 0.9781337029504691,
    "test_confidence_std": 0.0761273291635106,
    "classification_report_dict": {
      "0": {
        "precision": 0.458980044345898,
        "recall": 0.5149253731343284,
        "f1-score": 0.48534583821805394,
        "support": 402.0
      },
      "1": {
        "precision": 0.515625,
        "recall": 0.22073578595317725,
        "f1-score": 0.3091334894613583,
        "support": 299.0
      },
      "2": {
        "precision": 0.5520110957004161,
        "recall": 0.664440734557596,
        "f1-score": 0.603030303030303,
        "support": 599.0
      },
      "accuracy": 0.5161538461538462,
      "macro avg": {
        "precision": 0.5088720466821047,
        "recall": 0.4667006312150339,
        "f1-score": 0.46583654356990506,
        "support": 1300.0
      },
      "weighted avg": {
        "precision": 0.5148742301166156,
        "recall": 0.5161538461538462,
        "f1-score": 0.49904237832904247,
        "support": 1300.0
      }
    },
    "classification_report_text": "              precision    recall  f1-score   support\n\n           0      0.459     0.515     0.485       402\n           1      0.516     0.221     0.309       299\n           2      0.552     0.664     0.603       599\n\n    accuracy                          0.516      1300\n   macro avg      0.509     0.467     0.466      1300\nweighted avg      0.515     0.516     0.499      1300\n"
  },
  "timing": {
    "run_time_seconds": 105.68088507652283,
    "run_time_minutes": 1.7613480846087137
  },
  "analysis_info": {
    "train_class_distribution": {
      "2": 10241,
      "0": 8861,
      "1": 7488
    },
    "test_class_distribution": {
      "2": 599,
      "0": 402,
      "1": 299
    },
    "pred_class_distribution": {
      "2": 721,
      "0": 451,
      "1": 128
    },
    "class_0_avg_probability": 0.3479233878583164,
    "class_1_avg_probability": 0.09886508811029639,
    "class_2_avg_probability": 0.5532115240313928,
    "brand_removal_enabled": true
  }
}