{
  "experiment_setup": {
    "config": {
      "classifier_type": "rf",
      "embedding_type": "tfidf",
      "brand_removal": true,
      "use_select_kbest": true,
      "use_vader_sentiment": false,
      "use_smote": false,
      "use_lexical_syntactic": false,
      "use_lda": false,
      "save_interesting_articles": false,
      "use_scaler": false,
      "use_bias_features": false,
      "lexical_csv_path": "precomputed_lexical_custom.csv",
      "sentiment_csv_path": "precomputed_sentiment_custom.csv",
      "bias_csv_path": "precomputed_bias_custom.csv"
    },
    "best_params": {
      "clf__class_weight": "balanced",
      "clf__max_depth": 15,
      "clf__min_samples_leaf": 1,
      "clf__min_samples_split": 5,
      "clf__n_estimators": 500,
      "features__text__vectorizer__max_df": 0.8,
      "features__text__vectorizer__max_features": 5000,
      "features__text__vectorizer__min_df": 1,
      "features__text__vectorizer__ngram_range": [
        1,
        2
      ],
      "select__k": 637,
      "select__score_func": "chi2"
    },
    "best_cv_score": 0.6902990385301737,
    "split_mode": "media"
  },
  "performance_summary": {
    "test_metrics": {
      "accuracy": 0.46307692307692305,
      "mae": 0.83,
      "macro_f1": 0.39645190523458357,
      "macro_precision": 0.4402681248599111,
      "macro_recall": 0.4139814455471418,
      "weighted_f1": 0.43823554758326927,
      "weighted_precision": 0.4582409212148183,
      "weighted_recall": 0.46307692307692305
    },
    "test_confusion_matrix": [
      [
        220,
        14,
        168
      ],
      [
        131,
        34,
        134
      ],
      [
        213,
        38,
        348
      ]
    ],
    "test_confidence_mean": 0.431129949760577,
    "test_confidence_std": 0.07158093160336154,
    "classification_report_dict": {
      "0": {
        "precision": 0.3900709219858156,
        "recall": 0.5472636815920398,
        "f1-score": 0.4554865424430642,
        "support": 402.0
      },
      "1": {
        "precision": 0.3953488372093023,
        "recall": 0.11371237458193979,
        "f1-score": 0.17662337662337663,
        "support": 299.0
      },
      "2": {
        "precision": 0.5353846153846153,
        "recall": 0.5809682804674458,
        "f1-score": 0.5572457966373099,
        "support": 599.0
      },
      "accuracy": 0.46307692307692305,
      "macro avg": {
        "precision": 0.4402681248599111,
        "recall": 0.4139814455471418,
        "f1-score": 0.39645190523458357,
        "support": 1300.0
      },
      "weighted avg": {
        "precision": 0.4582409212148183,
        "recall": 0.46307692307692305,
        "f1-score": 0.43823554758326927,
        "support": 1300.0
      }
    },
    "classification_report_text": "              precision    recall  f1-score   support\n\n           0      0.390     0.547     0.455       402\n           1      0.395     0.114     0.177       299\n           2      0.535     0.581     0.557       599\n\n    accuracy                          0.463      1300\n   macro avg      0.440     0.414     0.396      1300\nweighted avg      0.458     0.463     0.438      1300\n"
  },
  "timing": {
    "run_time_seconds": 81.0626904964447,
    "run_time_minutes": 1.3510448416074117
  },
  "analysis_info": {
    "train_class_distribution": {
      "2": 10241,
      "0": 8861,
      "1": 7488
    },
    "test_class_distribution": {
      "2": 599,
      "0": 402,
      "1": 299
    },
    "pred_class_distribution": {
      "2": 650,
      "0": 564,
      "1": 86
    },
    "class_0_avg_probability": 0.34930023604942995,
    "class_1_avg_probability": 0.29098596873515487,
    "class_2_avg_probability": 0.3597137952154172,
    "rf_avg_tree_depth": 15.0,
    "brand_removal_enabled": true
  }
}