{
  "experiment_setup": {
    "config": {
      "classifier_type": "svm",
      "embedding_type": "tfidf",
      "use_select_kbest": true,
      "brand_removal": true,
      "use_lexical_syntactic": true,
      "use_vader_sentiment": true,
      "use_smote": true,
      "use_scaler": false,
      "use_lda": false,
      "save_interesting_articles": false,
      "use_bias_features": false,
      "lexical_csv_path": "precomputed_lexical_custom.csv",
      "sentiment_csv_path": "precomputed_sentiment_custom.csv",
      "bias_csv_path": "precomputed_bias_custom.csv",
      "results_dir": "experiments/svm/tfidf_kbest_brand_lex_vader_smote"
    },
    "best_params": {
      "clf__C": 0.08454394570684996,
      "clf__class_weight": "balanced",
      "clf__kernel": "linear",
      "clf__max_iter": 500,
      "features__text__vectorizer__max_df": 0.8,
      "features__text__vectorizer__max_features": 5000,
      "features__text__vectorizer__min_df": 1,
      "features__text__vectorizer__ngram_range": [
        1,
        2
      ],
      "select__k": 1663,
      "select__score_func": "f_classif"
    },
    "best_cv_score": 0.43303388429191736,
    "split_mode": "media"
  },
  "performance_summary": {
    "test_metrics": {
      "accuracy": 0.31384615384615383,
      "mae": 0.8446153846153847,
      "macro_f1": 0.3129768529857997,
      "macro_precision": 0.3448776189731295,
      "macro_recall": 0.32149896929017224,
      "weighted_f1": 0.32730340509549793,
      "weighted_precision": 0.38006626460312576,
      "weighted_recall": 0.31384615384615383
    },
    "test_confusion_matrix": [
      [
        115,
        209,
        78
      ],
      [
        79,
        113,
        107
      ],
      [
        128,
        291,
        180
      ]
    ],
    "test_confidence_mean": 0.38968217738592537,
    "test_confidence_std": 0.06568894680005977,
    "classification_report_dict": {
      "0": {
        "precision": 0.35714285714285715,
        "recall": 0.2860696517412935,
        "f1-score": 0.31767955801104975,
        "support": 402.0
      },
      "1": {
        "precision": 0.18433931484502447,
        "recall": 0.3779264214046823,
        "f1-score": 0.24780701754385964,
        "support": 299.0
      },
      "2": {
        "precision": 0.4931506849315068,
        "recall": 0.3005008347245409,
        "f1-score": 0.37344398340248963,
        "support": 599.0
      },
      "accuracy": 0.31384615384615383,
      "macro avg": {
        "precision": 0.3448776189731295,
        "recall": 0.32149896929017224,
        "f1-score": 0.3129768529857997,
        "support": 1300.0
      },
      "weighted avg": {
        "precision": 0.38006626460312576,
        "recall": 0.31384615384615383,
        "f1-score": 0.32730340509549793,
        "support": 1300.0
      }
    },
    "classification_report_text": "              precision    recall  f1-score   support\n\n           0      0.357     0.286     0.318       402\n           1      0.184     0.378     0.248       299\n           2      0.493     0.301     0.373       599\n\n    accuracy                          0.314      1300\n   macro avg      0.345     0.321     0.313      1300\nweighted avg      0.380     0.314     0.327      1300\n"
  },
  "timing": {
    "run_time_seconds": 1281.769541501999,
    "run_time_minutes": 21.36282569169998
  },
  "analysis_info": {
    "train_class_distribution": {
      "2": 10241,
      "0": 8861,
      "1": 7488
    },
    "test_class_distribution": {
      "2": 599,
      "0": 402,
      "1": 299
    },
    "pred_class_distribution": {
      "1": 613,
      "2": 365,
      "0": 322
    },
    "class_0_avg_probability": 0.2258817654217088,
    "class_1_avg_probability": 0.3423758883085858,
    "class_2_avg_probability": 0.43174234626970526,
    "svm_num_support_vectors": 2748,
    "brand_removal_enabled": true
  }
}