{
  "experiment_setup": {
    "config": {
      "classifier_type": "cnb",
      "embedding_type": "tfidf",
      "use_select_kbest": true,
      "brand_removal": false,
      "use_lexical_syntactic": false,
      "use_vader_sentiment": true,
      "use_smote": false,
      "use_scaler": true,
      "use_lda": false,
      "save_interesting_articles": false,
      "use_bias_features": false,
      "lexical_csv_path": "precomputed_lexical_default.csv",
      "sentiment_csv_path": "precomputed_sentiment_default.csv",
      "bias_csv_path": "precomputed_bias_default.csv",
      "results_dir": "experiments/cnb/tfidf_kbest_vader_scaler"
    },
    "best_params": {
      "clf__alpha": 1.7052641538983098,
      "clf__fit_prior": false,
      "clf__norm": false,
      "features__text__vectorizer__max_df": 0.8,
      "features__text__vectorizer__max_features": 10000,
      "features__text__vectorizer__min_df": 1,
      "features__text__vectorizer__ngram_range": [
        1,
        2
      ],
      "select__k": 1515,
      "select__score_func": "f_classif"
    },
    "best_cv_score": 0.6781930041313804,
    "split_mode": "media"
  },
  "performance_summary": {
    "test_metrics": {
      "accuracy": 0.5115384615384615,
      "mae": 0.7392307692307692,
      "macro_f1": 0.4292934861242843,
      "macro_precision": 0.48130095415537494,
      "macro_recall": 0.4452478859705267,
      "weighted_f1": 0.477949488953543,
      "weighted_precision": 0.49596875879455915,
      "weighted_recall": 0.5115384615384615
    },
    "test_confusion_matrix": [
      [
        202,
        13,
        187
      ],
      [
        109,
        36,
        154
      ],
      [
        139,
        33,
        427
      ]
    ],
    "test_confidence_mean": 0.5439816464926814,
    "test_confidence_std": 0.14094703580239323,
    "classification_report_dict": {
      "0": {
        "precision": 0.4488888888888889,
        "recall": 0.5024875621890548,
        "f1-score": 0.47417840375586856,
        "support": 402.0
      },
      "1": {
        "precision": 0.43902439024390244,
        "recall": 0.12040133779264214,
        "f1-score": 0.1889763779527559,
        "support": 299.0
      },
      "2": {
        "precision": 0.5559895833333334,
        "recall": 0.7128547579298832,
        "f1-score": 0.6247256766642283,
        "support": 599.0
      },
      "accuracy": 0.5115384615384615,
      "macro avg": {
        "precision": 0.48130095415537494,
        "recall": 0.4452478859705267,
        "f1-score": 0.4292934861242843,
        "support": 1300.0
      },
      "weighted avg": {
        "precision": 0.49596875879455915,
        "recall": 0.5115384615384615,
        "f1-score": 0.477949488953543,
        "support": 1300.0
      }
    },
    "classification_report_text": "              precision    recall  f1-score   support\n\n           0      0.449     0.502     0.474       402\n           1      0.439     0.120     0.189       299\n           2      0.556     0.713     0.625       599\n\n    accuracy                          0.512      1300\n   macro avg      0.481     0.445     0.429      1300\nweighted avg      0.496     0.512     0.478      1300\n"
  },
  "timing": {
    "run_time_seconds": 101.83278846740723,
    "run_time_minutes": 1.6972131411234537
  },
  "analysis_info": {
    "train_class_distribution": {
      "2": 10241,
      "0": 8861,
      "1": 7488
    },
    "test_class_distribution": {
      "2": 599,
      "0": 402,
      "1": 299
    },
    "pred_class_distribution": {
      "2": 768,
      "0": 450,
      "1": 82
    },
    "class_0_avg_probability": 0.35674204018221467,
    "class_1_avg_probability": 0.20523369281203424,
    "class_2_avg_probability": 0.43802426700575114
  }
}