{
  "experiment_setup": {
    "config": {
      "classifier_type": "cnb",
      "embedding_type": "tfidf",
      "brand_removal": false,
      "use_select_kbest": true,
      "use_smote": true,
      "use_scaler": false,
      "use_lexical_syntactic": false,
      "use_vader_sentiment": false,
      "use_lda": false,
      "use_bias_features": false,
      "save_interesting_articles": false,
      "lexical_csv_path": "precomputed_lexical_default.csv",
      "sentiment_csv_path": "precomputed_sentiment_default.csv",
      "bias_csv_path": "precomputed_bias_default.csv"
    },
    "best_params": {
      "clf__alpha": 0.079403964796582,
      "clf__fit_prior": false,
      "clf__norm": false,
      "features__text__vectorizer__max_df": 0.8,
      "features__text__vectorizer__max_features": 10000,
      "features__text__vectorizer__min_df": 1,
      "features__text__vectorizer__ngram_range": [
        1,
        2
      ],
      "select__k": 1321,
      "select__score_func": "chi2"
    },
    "best_cv_score": 0.6706644605266049,
    "split_mode": "media"
  },
  "performance_summary": {
    "test_metrics": {
      "accuracy": 0.49846153846153846,
      "mae": 0.7138461538461538,
      "macro_f1": 0.47290724231641307,
      "macro_precision": 0.4761568284835722,
      "macro_recall": 0.47882004245952814,
      "weighted_f1": 0.4979280919850726,
      "weighted_precision": 0.5068364547343946,
      "weighted_recall": 0.49846153846153846
    },
    "test_confusion_matrix": [
      [
        239,
        74,
        89
      ],
      [
        97,
        95,
        107
      ],
      [
        187,
        98,
        314
      ]
    ],
    "test_confidence_mean": 0.39495275475200253,
    "test_confidence_std": 0.057394780100706456,
    "classification_report_dict": {
      "0": {
        "precision": 0.4569789674952199,
        "recall": 0.5945273631840796,
        "f1-score": 0.5167567567567568,
        "support": 402.0
      },
      "1": {
        "precision": 0.35580524344569286,
        "recall": 0.3177257525083612,
        "f1-score": 0.33568904593639576,
        "support": 299.0
      },
      "2": {
        "precision": 0.615686274509804,
        "recall": 0.5242070116861436,
        "f1-score": 0.5662759242560865,
        "support": 599.0
      },
      "accuracy": 0.49846153846153846,
      "macro avg": {
        "precision": 0.4761568284835722,
        "recall": 0.47882004245952814,
        "f1-score": 0.47290724231641307,
        "support": 1300.0
      },
      "weighted avg": {
        "precision": 0.5068364547343946,
        "recall": 0.49846153846153846,
        "f1-score": 0.4979280919850726,
        "support": 1300.0
      }
    },
    "classification_report_text": "              precision    recall  f1-score   support\n\n           0      0.457     0.595     0.517       402\n           1      0.356     0.318     0.336       299\n           2      0.616     0.524     0.566       599\n\n    accuracy                          0.498      1300\n   macro avg      0.476     0.479     0.473      1300\nweighted avg      0.507     0.498     0.498      1300\n"
  },
  "timing": {
    "run_time_seconds": 120.63038730621338,
    "run_time_minutes": 2.0105064551035565
  },
  "analysis_info": {
    "train_class_distribution": {
      "2": 10241,
      "0": 8861,
      "1": 7488
    },
    "test_class_distribution": {
      "2": 599,
      "0": 402,
      "1": 299
    },
    "pred_class_distribution": {
      "0": 523,
      "2": 510,
      "1": 267
    },
    "class_0_avg_probability": 0.3347043723590394,
    "class_1_avg_probability": 0.313843508296639,
    "class_2_avg_probability": 0.35145211934432175
  }
}