{
  "experiment_setup": {
    "config": {
      "classifier_type": "cnb",
      "embedding_type": "tfidf",
      "use_select_kbest": true,
      "brand_removal": false,
      "use_lexical_syntactic": false,
      "use_vader_sentiment": true,
      "use_smote": true,
      "use_scaler": true,
      "use_lda": false,
      "save_interesting_articles": false,
      "use_bias_features": false,
      "lexical_csv_path": "precomputed_lexical_default.csv",
      "sentiment_csv_path": "precomputed_sentiment_default.csv",
      "bias_csv_path": "precomputed_bias_default.csv",
      "results_dir": "experiments/cnb/tfidf_kbest_vader_smote_scaler"
    },
    "best_params": {
      "clf__alpha": 1.7052641538983098,
      "clf__fit_prior": false,
      "clf__norm": false,
      "features__text__vectorizer__max_df": 0.8,
      "features__text__vectorizer__max_features": 10000,
      "features__text__vectorizer__min_df": 1,
      "features__text__vectorizer__ngram_range": [
        1,
        2
      ],
      "select__k": 1515,
      "select__score_func": "f_classif"
    },
    "best_cv_score": 0.6466315880565436,
    "split_mode": "random"
  },
  "performance_summary": {
    "test_metrics": {
      "accuracy": 0.6361538461538462,
      "mae": 0.5653846153846154,
      "macro_f1": 0.6259216636247995,
      "macro_precision": 0.629427391575207,
      "macro_recall": 0.6267197475121346,
      "weighted_f1": 0.6323887213181708,
      "weighted_precision": 0.6328964055525917,
      "weighted_recall": 0.6361538461538462
    },
    "test_confusion_matrix": [
      [
        197,
        52,
        153
      ],
      [
        27,
        202,
        70
      ],
      [
        109,
        62,
        428
      ]
    ],
    "test_confidence_mean": 0.5243039123876708,
    "test_confidence_std": 0.1273542058053268,
    "classification_report_dict": {
      "0": {
        "precision": 0.5915915915915916,
        "recall": 0.4900497512437811,
        "f1-score": 0.5360544217687074,
        "support": 402.0
      },
      "1": {
        "precision": 0.6392405063291139,
        "recall": 0.6755852842809364,
        "f1-score": 0.656910569105691,
        "support": 299.0
      },
      "2": {
        "precision": 0.6574500768049155,
        "recall": 0.7145242070116862,
        "f1-score": 0.6848,
        "support": 599.0
      },
      "accuracy": 0.6361538461538462,
      "macro avg": {
        "precision": 0.629427391575207,
        "recall": 0.6267197475121346,
        "f1-score": 0.6259216636247995,
        "support": 1300.0
      },
      "weighted avg": {
        "precision": 0.6328964055525917,
        "recall": 0.6361538461538462,
        "f1-score": 0.6323887213181708,
        "support": 1300.0
      }
    },
    "classification_report_text": "              precision    recall  f1-score   support\n\n           0      0.592     0.490     0.536       402\n           1      0.639     0.676     0.657       299\n           2      0.657     0.715     0.685       599\n\n    accuracy                          0.636      1300\n   macro avg      0.629     0.627     0.626      1300\nweighted avg      0.633     0.636     0.632      1300\n"
  },
  "timing": {
    "run_time_seconds": 133.9014015197754,
    "run_time_minutes": 2.23169002532959
  },
  "analysis_info": {
    "train_class_distribution": {
      "2": 10240,
      "0": 9750,
      "1": 7988
    },
    "test_class_distribution": {
      "2": 599,
      "0": 402,
      "1": 299
    },
    "pred_class_distribution": {
      "2": 651,
      "0": 333,
      "1": 316
    },
    "class_0_avg_probability": 0.31588723038145494,
    "class_1_avg_probability": 0.2791696589242161,
    "class_2_avg_probability": 0.4049431106943289
  }
}