{
  "experiment_setup": {
    "config": {
      "classifier_type": "cnb",
      "embedding_type": "tfidf",
      "use_select_kbest": true,
      "brand_removal": true,
      "use_lexical_syntactic": true,
      "use_vader_sentiment": false,
      "use_smote": false,
      "use_scaler": true,
      "use_lda": false,
      "save_interesting_articles": false,
      "use_bias_features": false,
      "lexical_csv_path": "precomputed_lexical_custom.csv",
      "sentiment_csv_path": "precomputed_sentiment_custom.csv",
      "bias_csv_path": "precomputed_bias_custom.csv",
      "results_dir": "experiments/cnb/tfidf_kbest_brand_lex_scaler"
    },
    "best_params": {
      "clf__alpha": 1.7052641538983098,
      "clf__fit_prior": false,
      "clf__norm": false,
      "features__text__vectorizer__max_df": 0.8,
      "features__text__vectorizer__max_features": 10000,
      "features__text__vectorizer__min_df": 1,
      "features__text__vectorizer__ngram_range": [
        1,
        2
      ],
      "select__k": 1515,
      "select__score_func": "f_classif"
    },
    "best_cv_score": 0.6301232080856783,
    "split_mode": "random"
  },
  "performance_summary": {
    "test_metrics": {
      "accuracy": 0.6223076923076923,
      "mae": 0.583076923076923,
      "macro_f1": 0.6068418079682362,
      "macro_precision": 0.6119818511944033,
      "macro_recall": 0.6087299491361421,
      "weighted_f1": 0.6162660613152899,
      "weighted_precision": 0.6172561384879252,
      "weighted_recall": 0.6223076923076923
    },
    "test_confusion_matrix": [
      [
        178,
        58,
        166
      ],
      [
        34,
        197,
        68
      ],
      [
        101,
        64,
        434
      ]
    ],
    "test_confidence_mean": 0.954995748168845,
    "test_confidence_std": 0.10809376717444785,
    "classification_report_dict": {
      "0": {
        "precision": 0.5686900958466453,
        "recall": 0.4427860696517413,
        "f1-score": 0.4979020979020979,
        "support": 402.0
      },
      "1": {
        "precision": 0.6175548589341693,
        "recall": 0.6588628762541806,
        "f1-score": 0.6375404530744336,
        "support": 299.0
      },
      "2": {
        "precision": 0.6497005988023952,
        "recall": 0.7245409015025042,
        "f1-score": 0.6850828729281768,
        "support": 599.0
      },
      "accuracy": 0.6223076923076923,
      "macro avg": {
        "precision": 0.6119818511944033,
        "recall": 0.6087299491361421,
        "f1-score": 0.6068418079682362,
        "support": 1300.0
      },
      "weighted avg": {
        "precision": 0.6172561384879252,
        "recall": 0.6223076923076923,
        "f1-score": 0.6162660613152899,
        "support": 1300.0
      }
    },
    "classification_report_text": "              precision    recall  f1-score   support\n\n           0      0.569     0.443     0.498       402\n           1      0.618     0.659     0.638       299\n           2      0.650     0.725     0.685       599\n\n    accuracy                          0.622      1300\n   macro avg      0.612     0.609     0.607      1300\nweighted avg      0.617     0.622     0.616      1300\n"
  },
  "timing": {
    "run_time_seconds": 36.25640559196472,
    "run_time_minutes": 0.6042734265327454
  },
  "analysis_info": {
    "train_class_distribution": {
      "2": 10240,
      "0": 9750,
      "1": 7988
    },
    "test_class_distribution": {
      "2": 599,
      "0": 402,
      "1": 299
    },
    "pred_class_distribution": {
      "2": 668,
      "1": 319,
      "0": 313
    },
    "class_0_avg_probability": 0.23990489809376125,
    "class_1_avg_probability": 0.24984752058848236,
    "class_2_avg_probability": 0.5102475813177565,
    "brand_removal_enabled": true
  }
}