{
  "experiment_setup": {
    "config": {
      "classifier_type": "nb",
      "embedding_type": "tfidf",
      "use_select_kbest": true,
      "brand_removal": false,
      "use_lexical_syntactic": true,
      "use_vader_sentiment": true,
      "use_smote": true,
      "use_scaler": false,
      "use_lda": false,
      "save_interesting_articles": false,
      "use_bias_features": false,
      "lexical_csv_path": "precomputed_lexical_default.csv",
      "sentiment_csv_path": "precomputed_sentiment_default.csv",
      "bias_csv_path": "precomputed_bias_default.csv",
      "results_dir": "experiments/nb/tfidf_kbest_lex_vader_smote"
    },
    "best_params": {
      "clf__alpha": 0.052150266974116635,
      "clf__fit_prior": false,
      "features__text__vectorizer__max_df": 0.8,
      "features__text__vectorizer__max_features": 10000,
      "features__text__vectorizer__min_df": 1,
      "features__text__vectorizer__ngram_range": [
        1,
        2
      ],
      "select__k": 1800,
      "select__score_func": "f_classif"
    },
    "best_cv_score": 0.6460365286809968,
    "split_mode": "random"
  },
  "performance_summary": {
    "test_metrics": {
      "accuracy": 0.6438461538461538,
      "mae": 0.5538461538461539,
      "macro_f1": 0.6299496264091596,
      "macro_precision": 0.6405186454361771,
      "macro_recall": 0.628713550114024,
      "weighted_f1": 0.6377552535781278,
      "weighted_precision": 0.6413410146666988,
      "weighted_recall": 0.6438461538461538
    },
    "test_confusion_matrix": [
      [
        188,
        49,
        165
      ],
      [
        24,
        200,
        75
      ],
      [
        92,
        58,
        449
      ]
    ],
    "test_confidence_mean": 0.6626538314577802,
    "test_confidence_std": 0.16478560457453512,
    "classification_report_dict": {
      "0": {
        "precision": 0.618421052631579,
        "recall": 0.46766169154228854,
        "f1-score": 0.5325779036827195,
        "support": 402.0
      },
      "1": {
        "precision": 0.6514657980456026,
        "recall": 0.6688963210702341,
        "f1-score": 0.6600660066006601,
        "support": 299.0
      },
      "2": {
        "precision": 0.6516690856313497,
        "recall": 0.7495826377295493,
        "f1-score": 0.6972049689440993,
        "support": 599.0
      },
      "accuracy": 0.6438461538461538,
      "macro avg": {
        "precision": 0.6405186454361771,
        "recall": 0.628713550114024,
        "f1-score": 0.6299496264091596,
        "support": 1300.0
      },
      "weighted avg": {
        "precision": 0.6413410146666988,
        "recall": 0.6438461538461538,
        "f1-score": 0.6377552535781278,
        "support": 1300.0
      }
    },
    "classification_report_text": "              precision    recall  f1-score   support\n\n           0      0.618     0.468     0.533       402\n           1      0.651     0.669     0.660       299\n           2      0.652     0.750     0.697       599\n\n    accuracy                          0.644      1300\n   macro avg      0.641     0.629     0.630      1300\nweighted avg      0.641     0.644     0.638      1300\n"
  },
  "timing": {
    "run_time_seconds": 104.43498969078064,
    "run_time_minutes": 1.7405831615130107
  },
  "analysis_info": {
    "train_class_distribution": {
      "2": 10240,
      "0": 9750,
      "1": 7988
    },
    "test_class_distribution": {
      "2": 599,
      "0": 402,
      "1": 299
    },
    "pred_class_distribution": {
      "2": 689,
      "1": 307,
      "0": 304
    },
    "class_0_avg_probability": 0.29004435844776444,
    "class_1_avg_probability": 0.25149321057714996,
    "class_2_avg_probability": 0.4584624309750858
  }
}