{
  "experiment_setup": {
    "config": {
      "classifier_type": "logreg",
      "embedding_type": "tfidf",
      "brand_removal": false,
      "use_select_kbest": true,
      "use_smote": true,
      "use_scaler": false,
      "use_lexical_syntactic": false,
      "use_vader_sentiment": false,
      "use_lda": false,
      "use_bias_features": false,
      "save_interesting_articles": false,
      "lexical_csv_path": "precomputed_lexical_default.csv",
      "sentiment_csv_path": "precomputed_sentiment_default.csv",
      "bias_csv_path": "precomputed_bias_default.csv"
    },
    "best_params": {
      "clf__C": 1.7965626423790628,
      "clf__class_weight": null,
      "clf__max_iter": 2000,
      "clf__penalty": "l1",
      "clf__solver": "saga",
      "features__text__vectorizer__max_df": 0.8,
      "features__text__vectorizer__max_features": 10000,
      "features__text__vectorizer__min_df": 1,
      "features__text__vectorizer__ngram_range": [
        1,
        2
      ],
      "select__k": 1815,
      "select__score_func": "chi2"
    },
    "best_cv_score": 0.7664243490877333,
    "split_mode": "media"
  },
  "performance_summary": {
    "test_metrics": {
      "accuracy": 0.5192307692307693,
      "mae": 0.6938461538461539,
      "macro_f1": 0.4968363379864145,
      "macro_precision": 0.5033515542490877,
      "macro_recall": 0.5008437895317283,
      "weighted_f1": 0.5212352989011648,
      "weighted_precision": 0.5342271363982274,
      "weighted_recall": 0.5192307692307693
    },
    "test_confusion_matrix": [
      [
        236,
        68,
        98
      ],
      [
        116,
        109,
        74
      ],
      [
        179,
        90,
        330
      ]
    ],
    "test_confidence_mean": 0.6707185255716541,
    "test_confidence_std": 0.1776884124106265,
    "classification_report_dict": {
      "0": {
        "precision": 0.4444444444444444,
        "recall": 0.5870646766169154,
        "f1-score": 0.5058949624866024,
        "support": 402.0
      },
      "1": {
        "precision": 0.40823970037453183,
        "recall": 0.36454849498327757,
        "f1-score": 0.38515901060070673,
        "support": 299.0
      },
      "2": {
        "precision": 0.6573705179282868,
        "recall": 0.5509181969949917,
        "f1-score": 0.5994550408719346,
        "support": 599.0
      },
      "accuracy": 0.5192307692307693,
      "macro avg": {
        "precision": 0.5033515542490877,
        "recall": 0.5008437895317283,
        "f1-score": 0.4968363379864145,
        "support": 1300.0
      },
      "weighted avg": {
        "precision": 0.5342271363982274,
        "recall": 0.5192307692307693,
        "f1-score": 0.5212352989011648,
        "support": 1300.0
      }
    },
    "classification_report_text": "              precision    recall  f1-score   support\n\n           0      0.444     0.587     0.506       402\n           1      0.408     0.365     0.385       299\n           2      0.657     0.551     0.599       599\n\n    accuracy                          0.519      1300\n   macro avg      0.503     0.501     0.497      1300\nweighted avg      0.534     0.519     0.521      1300\n"
  },
  "timing": {
    "run_time_seconds": 700.9768381118774,
    "run_time_minutes": 11.682947301864624
  },
  "analysis_info": {
    "train_class_distribution": {
      "2": 10241,
      "0": 8861,
      "1": 7488
    },
    "test_class_distribution": {
      "2": 599,
      "0": 402,
      "1": 299
    },
    "pred_class_distribution": {
      "0": 531,
      "2": 502,
      "1": 267
    },
    "class_0_avg_probability": 0.3839446778762427,
    "class_1_avg_probability": 0.24974922096074453,
    "class_2_avg_probability": 0.3663061011630128,
    "logreg_n_iter": [
      1356
    ]
  }
}