{
  "experiment_setup": {
    "config": {
      "classifier_type": "cnb",
      "embedding_type": "tfidf",
      "use_select_kbest": true,
      "brand_removal": false,
      "use_lexical_syntactic": true,
      "use_vader_sentiment": true,
      "use_smote": false,
      "use_scaler": false,
      "use_lda": false,
      "save_interesting_articles": false,
      "use_bias_features": false,
      "lexical_csv_path": "precomputed_lexical_default.csv",
      "sentiment_csv_path": "precomputed_sentiment_default.csv",
      "bias_csv_path": "precomputed_bias_default.csv",
      "results_dir": "experiments/cnb/tfidf_kbest_lex_vader"
    },
    "best_params": {
      "clf__alpha": 1.7052641538983098,
      "clf__fit_prior": false,
      "clf__norm": false,
      "features__text__vectorizer__max_df": 0.8,
      "features__text__vectorizer__max_features": 10000,
      "features__text__vectorizer__min_df": 1,
      "features__text__vectorizer__ngram_range": [
        1,
        2
      ],
      "select__k": 1515,
      "select__score_func": "f_classif"
    },
    "best_cv_score": 0.642652165481107,
    "split_mode": "random"
  },
  "performance_summary": {
    "test_metrics": {
      "accuracy": 0.6369230769230769,
      "mae": 0.5638461538461539,
      "macro_f1": 0.6218936963465889,
      "macro_precision": 0.6336067390822434,
      "macro_recall": 0.6175375460762419,
      "weighted_f1": 0.6315172902086541,
      "weighted_precision": 0.6340288184438041,
      "weighted_recall": 0.6369230769230769
    },
    "test_confusion_matrix": [
      [
        192,
        46,
        164
      ],
      [
        31,
        187,
        81
      ],
      [
        97,
        53,
        449
      ]
    ],
    "test_confidence_mean": 0.5244576671433607,
    "test_confidence_std": 0.12643757572831693,
    "classification_report_dict": {
      "0": {
        "precision": 0.6,
        "recall": 0.47761194029850745,
        "f1-score": 0.5318559556786704,
        "support": 402.0
      },
      "1": {
        "precision": 0.6538461538461539,
        "recall": 0.6254180602006689,
        "f1-score": 0.6393162393162393,
        "support": 299.0
      },
      "2": {
        "precision": 0.6469740634005764,
        "recall": 0.7495826377295493,
        "f1-score": 0.6945088940448569,
        "support": 599.0
      },
      "accuracy": 0.6369230769230769,
      "macro avg": {
        "precision": 0.6336067390822434,
        "recall": 0.6175375460762419,
        "f1-score": 0.6218936963465889,
        "support": 1300.0
      },
      "weighted avg": {
        "precision": 0.6340288184438041,
        "recall": 0.6369230769230769,
        "f1-score": 0.6315172902086541,
        "support": 1300.0
      }
    },
    "classification_report_text": "              precision    recall  f1-score   support\n\n           0      0.600     0.478     0.532       402\n           1      0.654     0.625     0.639       299\n           2      0.647     0.750     0.695       599\n\n    accuracy                          0.637      1300\n   macro avg      0.634     0.618     0.622      1300\nweighted avg      0.634     0.637     0.632      1300\n"
  },
  "timing": {
    "run_time_seconds": 105.03152751922607,
    "run_time_minutes": 1.750525458653768
  },
  "analysis_info": {
    "train_class_distribution": {
      "2": 10240,
      "0": 9750,
      "1": 7988
    },
    "test_class_distribution": {
      "2": 599,
      "0": 402,
      "1": 299
    },
    "pred_class_distribution": {
      "2": 694,
      "0": 320,
      "1": 286
    },
    "class_0_avg_probability": 0.30952112882645966,
    "class_1_avg_probability": 0.2768130516753732,
    "class_2_avg_probability": 0.4136658194981673
  }
}