{
  "experiment_setup": {
    "config": {
      "classifier_type": "nb",
      "embedding_type": "tfidf",
      "use_select_kbest": true,
      "brand_removal": false,
      "use_lexical_syntactic": true,
      "use_vader_sentiment": false,
      "use_smote": true,
      "use_scaler": true,
      "use_lda": false,
      "save_interesting_articles": false,
      "use_bias_features": false,
      "lexical_csv_path": "precomputed_lexical_default.csv",
      "sentiment_csv_path": "precomputed_sentiment_default.csv",
      "bias_csv_path": "precomputed_bias_default.csv",
      "results_dir": "experiments/nb/tfidf_kbest_lex_smote_scaler"
    },
    "best_params": {
      "clf__alpha": 0.052150266974116635,
      "clf__fit_prior": false,
      "features__text__vectorizer__max_df": 0.8,
      "features__text__vectorizer__max_features": 10000,
      "features__text__vectorizer__min_df": 1,
      "features__text__vectorizer__ngram_range": [
        1,
        2
      ],
      "select__k": 1800,
      "select__score_func": "f_classif"
    },
    "best_cv_score": 0.6894136959173083,
    "split_mode": "media"
  },
  "performance_summary": {
    "test_metrics": {
      "accuracy": 0.5184615384615384,
      "mae": 0.7284615384615385,
      "macro_f1": 0.461101584678371,
      "macro_precision": 0.5009631519140832,
      "macro_recall": 0.46905883904060613,
      "weighted_f1": 0.4992198128712055,
      "weighted_precision": 0.51502639683772,
      "weighted_recall": 0.5184615384615384
    },
    "test_confusion_matrix": [
      [
        230,
        23,
        149
      ],
      [
        111,
        56,
        132
      ],
      [
        172,
        39,
        388
      ]
    ],
    "test_confidence_mean": 0.9828337317839154,
    "test_confidence_std": 0.06950277111972551,
    "classification_report_dict": {
      "0": {
        "precision": 0.44834307992202727,
        "recall": 0.572139303482587,
        "f1-score": 0.5027322404371585,
        "support": 402.0
      },
      "1": {
        "precision": 0.4745762711864407,
        "recall": 0.18729096989966554,
        "f1-score": 0.2685851318944844,
        "support": 299.0
      },
      "2": {
        "precision": 0.5799701046337817,
        "recall": 0.6477462437395659,
        "f1-score": 0.61198738170347,
        "support": 599.0
      },
      "accuracy": 0.5184615384615384,
      "macro avg": {
        "precision": 0.5009631519140832,
        "recall": 0.46905883904060613,
        "f1-score": 0.461101584678371,
        "support": 1300.0
      },
      "weighted avg": {
        "precision": 0.51502639683772,
        "recall": 0.5184615384615384,
        "f1-score": 0.4992198128712055,
        "support": 1300.0
      }
    },
    "classification_report_text": "              precision    recall  f1-score   support\n\n           0      0.448     0.572     0.503       402\n           1      0.475     0.187     0.269       299\n           2      0.580     0.648     0.612       599\n\n    accuracy                          0.518      1300\n   macro avg      0.501     0.469     0.461      1300\nweighted avg      0.515     0.518     0.499      1300\n"
  },
  "timing": {
    "run_time_seconds": 127.40267276763916,
    "run_time_minutes": 2.123377879460653
  },
  "analysis_info": {
    "train_class_distribution": {
      "2": 10241,
      "0": 8861,
      "1": 7488
    },
    "test_class_distribution": {
      "2": 599,
      "0": 402,
      "1": 299
    },
    "pred_class_distribution": {
      "2": 669,
      "0": 513,
      "1": 118
    },
    "class_0_avg_probability": 0.39386232912950636,
    "class_1_avg_probability": 0.09296234639439917,
    "class_2_avg_probability": 0.51317532447609
  }
}