{
  "experiment_setup": {
    "config": {
      "classifier_type": "cnb",
      "embedding_type": "tfidf",
      "use_select_kbest": true,
      "brand_removal": false,
      "use_lexical_syntactic": true,
      "use_vader_sentiment": false,
      "use_smote": false,
      "use_scaler": true,
      "use_lda": false,
      "save_interesting_articles": false,
      "use_bias_features": false,
      "lexical_csv_path": "precomputed_lexical_default.csv",
      "sentiment_csv_path": "precomputed_sentiment_default.csv",
      "bias_csv_path": "precomputed_bias_default.csv",
      "results_dir": "experiments/cnb/tfidf_kbest_lex_scaler"
    },
    "best_params": {
      "clf__alpha": 1.7052641538983098,
      "clf__fit_prior": false,
      "clf__norm": false,
      "features__text__vectorizer__max_df": 0.8,
      "features__text__vectorizer__max_features": 10000,
      "features__text__vectorizer__min_df": 1,
      "features__text__vectorizer__ngram_range": [
        1,
        2
      ],
      "select__k": 1515,
      "select__score_func": "f_classif"
    },
    "best_cv_score": 0.6881394949685169,
    "split_mode": "media"
  },
  "performance_summary": {
    "test_metrics": {
      "accuracy": 0.5223076923076924,
      "mae": 0.7169230769230769,
      "macro_f1": 0.4520490116706088,
      "macro_precision": 0.49278521351318716,
      "macro_recall": 0.46246582213730575,
      "weighted_f1": 0.4971243977119984,
      "weighted_precision": 0.5101662258711859,
      "weighted_recall": 0.5223076923076924
    },
    "test_confusion_matrix": [
      [
        212,
        22,
        168
      ],
      [
        121,
        48,
        130
      ],
      [
        143,
        37,
        419
      ]
    ],
    "test_confidence_mean": 0.9693054769946189,
    "test_confidence_std": 0.088292799840281,
    "classification_report_dict": {
      "0": {
        "precision": 0.44537815126050423,
        "recall": 0.527363184079602,
        "f1-score": 0.48291571753986334,
        "support": 402.0
      },
      "1": {
        "precision": 0.4485981308411215,
        "recall": 0.1605351170568562,
        "f1-score": 0.23645320197044334,
        "support": 299.0
      },
      "2": {
        "precision": 0.5843793584379359,
        "recall": 0.6994991652754591,
        "f1-score": 0.6367781155015197,
        "support": 599.0
      },
      "accuracy": 0.5223076923076924,
      "macro avg": {
        "precision": 0.49278521351318716,
        "recall": 0.46246582213730575,
        "f1-score": 0.4520490116706088,
        "support": 1300.0
      },
      "weighted avg": {
        "precision": 0.5101662258711859,
        "recall": 0.5223076923076924,
        "f1-score": 0.4971243977119984,
        "support": 1300.0
      }
    },
    "classification_report_text": "              precision    recall  f1-score   support\n\n           0      0.445     0.527     0.483       402\n           1      0.449     0.161     0.236       299\n           2      0.584     0.699     0.637       599\n\n    accuracy                          0.522      1300\n   macro avg      0.493     0.462     0.452      1300\nweighted avg      0.510     0.522     0.497      1300\n"
  },
  "timing": {
    "run_time_seconds": 99.68482184410095,
    "run_time_minutes": 1.6614136974016824
  },
  "analysis_info": {
    "train_class_distribution": {
      "2": 10241,
      "0": 8861,
      "1": 7488
    },
    "test_class_distribution": {
      "2": 599,
      "0": 402,
      "1": 299
    },
    "pred_class_distribution": {
      "2": 717,
      "0": 476,
      "1": 107
    },
    "class_0_avg_probability": 0.3678230871430351,
    "class_1_avg_probability": 0.08474364497556854,
    "class_2_avg_probability": 0.5474332678813978
  }
}