{
  "experiment_setup": {
    "config": {
      "classifier_type": "svm",
      "embedding_type": "tfidf",
      "brand_removal": false,
      "use_select_kbest": true,
      "use_smote": false,
      "use_scaler": true,
      "use_lexical_syntactic": false,
      "use_vader_sentiment": false,
      "use_lda": false,
      "use_bias_features": false,
      "save_interesting_articles": false,
      "lexical_csv_path": "precomputed_lexical_default.csv",
      "sentiment_csv_path": "precomputed_sentiment_default.csv",
      "bias_csv_path": "precomputed_bias_default.csv"
    },
    "best_params": {
      "clf__C": 0.00195172246414495,
      "clf__class_weight": null,
      "clf__kernel": "linear",
      "clf__max_iter": 500,
      "features__text__vectorizer__max_df": 0.8,
      "features__text__vectorizer__max_features": 10000,
      "features__text__vectorizer__min_df": 1,
      "features__text__vectorizer__ngram_range": [
        1,
        2
      ],
      "select__k": 1987,
      "select__score_func": "f_classif"
    },
    "best_cv_score": 0.5296385542196942,
    "split_mode": "random"
  },
  "performance_summary": {
    "test_metrics": {
      "accuracy": 0.4776923076923077,
      "mae": 0.7723076923076924,
      "macro_f1": 0.46345215127074707,
      "macro_precision": 0.47042424902836805,
      "macro_recall": 0.466780753141105,
      "weighted_f1": 0.4819291912884962,
      "weighted_precision": 0.49762068214013305,
      "weighted_recall": 0.4776923076923077
    },
    "test_confusion_matrix": [
      [
        209,
        76,
        117
      ],
      [
        115,
        115,
        69
      ],
      [
        208,
        94,
        297
      ]
    ],
    "test_confidence_mean": 0.46699194540194816,
    "test_confidence_std": 0.11334523056552087,
    "classification_report_dict": {
      "0": {
        "precision": 0.39285714285714285,
        "recall": 0.5199004975124378,
        "f1-score": 0.4475374732334047,
        "support": 402.0
      },
      "1": {
        "precision": 0.40350877192982454,
        "recall": 0.38461538461538464,
        "f1-score": 0.3938356164383562,
        "support": 299.0
      },
      "2": {
        "precision": 0.6149068322981367,
        "recall": 0.4958263772954925,
        "f1-score": 0.5489833641404805,
        "support": 599.0
      },
      "accuracy": 0.4776923076923077,
      "macro avg": {
        "precision": 0.47042424902836805,
        "recall": 0.466780753141105,
        "f1-score": 0.46345215127074707,
        "support": 1300.0
      },
      "weighted avg": {
        "precision": 0.49762068214013305,
        "recall": 0.4776923076923077,
        "f1-score": 0.4819291912884962,
        "support": 1300.0
      }
    },
    "classification_report_text": "              precision    recall  f1-score   support\n\n           0      0.393     0.520     0.448       402\n           1      0.404     0.385     0.394       299\n           2      0.615     0.496     0.549       599\n\n    accuracy                          0.478      1300\n   macro avg      0.470     0.467     0.463      1300\nweighted avg      0.498     0.478     0.482      1300\n"
  },
  "timing": {
    "run_time_seconds": 921.3179376125336,
    "run_time_minutes": 15.355298960208893
  },
  "analysis_info": {
    "train_class_distribution": {
      "2": 10240,
      "0": 9750,
      "1": 7988
    },
    "test_class_distribution": {
      "2": 599,
      "0": 402,
      "1": 299
    },
    "pred_class_distribution": {
      "0": 532,
      "2": 483,
      "1": 285
    },
    "class_0_avg_probability": 0.3127930177255942,
    "class_1_avg_probability": 0.27623503508782155,
    "class_2_avg_probability": 0.41097194718658425,
    "svm_num_support_vectors": 2688
  }
}