{
  "experiment_setup": {
    "config": {
      "classifier_type": "cnb",
      "embedding_type": "tfidf",
      "use_select_kbest": true,
      "brand_removal": true,
      "use_lexical_syntactic": true,
      "use_vader_sentiment": false,
      "use_smote": true,
      "use_scaler": true,
      "use_lda": false,
      "save_interesting_articles": false,
      "use_bias_features": false,
      "lexical_csv_path": "precomputed_lexical_custom.csv",
      "sentiment_csv_path": "precomputed_sentiment_custom.csv",
      "bias_csv_path": "precomputed_bias_custom.csv",
      "results_dir": "experiments/cnb/tfidf_kbest_brand_lex_smote_scaler"
    },
    "best_params": {
      "clf__alpha": 1.7052641538983098,
      "clf__fit_prior": false,
      "clf__norm": false,
      "features__text__vectorizer__max_df": 0.8,
      "features__text__vectorizer__max_features": 10000,
      "features__text__vectorizer__min_df": 1,
      "features__text__vectorizer__ngram_range": [
        1,
        2
      ],
      "select__k": 1515,
      "select__score_func": "f_classif"
    },
    "best_cv_score": 0.669575225813171,
    "split_mode": "media"
  },
  "performance_summary": {
    "test_metrics": {
      "accuracy": 0.5169230769230769,
      "mae": 0.7338461538461538,
      "macro_f1": 0.46506332128177835,
      "macro_precision": 0.5010540404885394,
      "macro_recall": 0.4653740545314107,
      "weighted_f1": 0.4998083043996471,
      "weighted_precision": 0.5106432092251064,
      "weighted_recall": 0.5169230769230769
    },
    "test_confusion_matrix": [
      [
        196,
        30,
        176
      ],
      [
        84,
        68,
        147
      ],
      [
        150,
        41,
        408
      ]
    ],
    "test_confidence_mean": 0.9596018436990918,
    "test_confidence_std": 0.09895962945807166,
    "classification_report_dict": {
      "0": {
        "precision": 0.4558139534883721,
        "recall": 0.48756218905472637,
        "f1-score": 0.47115384615384615,
        "support": 402.0
      },
      "1": {
        "precision": 0.4892086330935252,
        "recall": 0.22742474916387959,
        "f1-score": 0.3105022831050228,
        "support": 299.0
      },
      "2": {
        "precision": 0.5581395348837209,
        "recall": 0.6811352253756261,
        "f1-score": 0.6135338345864662,
        "support": 599.0
      },
      "accuracy": 0.5169230769230769,
      "macro avg": {
        "precision": 0.5010540404885394,
        "recall": 0.4653740545314107,
        "f1-score": 0.46506332128177835,
        "support": 1300.0
      },
      "weighted avg": {
        "precision": 0.5106432092251064,
        "recall": 0.5169230769230769,
        "f1-score": 0.4998083043996471,
        "support": 1300.0
      }
    },
    "classification_report_text": "              precision    recall  f1-score   support\n\n           0      0.456     0.488     0.471       402\n           1      0.489     0.227     0.311       299\n           2      0.558     0.681     0.614       599\n\n    accuracy                          0.517      1300\n   macro avg      0.501     0.465     0.465      1300\nweighted avg      0.511     0.517     0.500      1300\n"
  },
  "timing": {
    "run_time_seconds": 64.97244644165039,
    "run_time_minutes": 1.0828741073608399
  },
  "analysis_info": {
    "train_class_distribution": {
      "2": 10241,
      "0": 8861,
      "1": 7488
    },
    "test_class_distribution": {
      "2": 599,
      "0": 402,
      "1": 299
    },
    "pred_class_distribution": {
      "2": 731,
      "0": 430,
      "1": 139
    },
    "class_0_avg_probability": 0.3320401353917165,
    "class_1_avg_probability": 0.1099857028852719,
    "class_2_avg_probability": 0.557974161723016,
    "brand_removal_enabled": true
  }
}