{
  "experiment_setup": {
    "config": {
      "classifier_type": "cnb",
      "embedding_type": "tfidf",
      "use_select_kbest": true,
      "brand_removal": true,
      "use_lexical_syntactic": false,
      "use_vader_sentiment": true,
      "use_smote": false,
      "use_scaler": false,
      "use_lda": false,
      "save_interesting_articles": false,
      "use_bias_features": false,
      "lexical_csv_path": "precomputed_lexical_custom.csv",
      "sentiment_csv_path": "precomputed_sentiment_custom.csv",
      "bias_csv_path": "precomputed_bias_custom.csv",
      "results_dir": "experiments/cnb/tfidf_kbest_brand_vader"
    },
    "best_params": {
      "clf__alpha": 1.7052641538983098,
      "clf__fit_prior": false,
      "clf__norm": false,
      "features__text__vectorizer__max_df": 0.8,
      "features__text__vectorizer__max_features": 10000,
      "features__text__vectorizer__min_df": 1,
      "features__text__vectorizer__ngram_range": [
        1,
        2
      ],
      "select__k": 1515,
      "select__score_func": "f_classif"
    },
    "best_cv_score": 0.6587564502405167,
    "split_mode": "media"
  },
  "performance_summary": {
    "test_metrics": {
      "accuracy": 0.5030769230769231,
      "mae": 0.7653846153846153,
      "macro_f1": 0.4298496063680977,
      "macro_precision": 0.4984789013321622,
      "macro_recall": 0.437606765383213,
      "weighted_f1": 0.47188141359898517,
      "weighted_precision": 0.5007998357319009,
      "weighted_recall": 0.5030769230769231
    },
    "test_confusion_matrix": [
      [
        178,
        14,
        210
      ],
      [
        67,
        45,
        187
      ],
      [
        139,
        29,
        431
      ]
    ],
    "test_confidence_mean": 0.5222375940624963,
    "test_confidence_std": 0.13034148236754844,
    "classification_report_dict": {
      "0": {
        "precision": 0.4635416666666667,
        "recall": 0.4427860696517413,
        "f1-score": 0.4529262086513995,
        "support": 402.0
      },
      "1": {
        "precision": 0.5113636363636364,
        "recall": 0.1505016722408027,
        "f1-score": 0.23255813953488372,
        "support": 299.0
      },
      "2": {
        "precision": 0.5205314009661836,
        "recall": 0.7195325542570952,
        "f1-score": 0.6040644709180099,
        "support": 599.0
      },
      "accuracy": 0.5030769230769231,
      "macro avg": {
        "precision": 0.4984789013321622,
        "recall": 0.437606765383213,
        "f1-score": 0.4298496063680977,
        "support": 1300.0
      },
      "weighted avg": {
        "precision": 0.5007998357319009,
        "recall": 0.5030769230769231,
        "f1-score": 0.47188141359898517,
        "support": 1300.0
      }
    },
    "classification_report_text": "              precision    recall  f1-score   support\n\n           0      0.464     0.443     0.453       402\n           1      0.511     0.151     0.233       299\n           2      0.521     0.720     0.604       599\n\n    accuracy                          0.503      1300\n   macro avg      0.498     0.438     0.430      1300\nweighted avg      0.501     0.503     0.472      1300\n"
  },
  "timing": {
    "run_time_seconds": 149.98464155197144,
    "run_time_minutes": 2.4997440258661907
  },
  "analysis_info": {
    "train_class_distribution": {
      "2": 10241,
      "0": 8861,
      "1": 7488
    },
    "test_class_distribution": {
      "2": 599,
      "0": 402,
      "1": 299
    },
    "pred_class_distribution": {
      "2": 828,
      "0": 384,
      "1": 88
    },
    "class_0_avg_probability": 0.32627105021343245,
    "class_1_avg_probability": 0.21594807155979248,
    "class_2_avg_probability": 0.45778087822677493,
    "brand_removal_enabled": true
  }
}