{
  "experiment_setup": {
    "config": {
      "classifier_type": "logreg",
      "embedding_type": "tfidf",
      "brand_removal": true,
      "use_select_kbest": true,
      "use_lexical_syntactic": false,
      "use_vader_sentiment": false,
      "use_smote": false,
      "use_lda": false,
      "save_interesting_articles": false,
      "use_scaler": false,
      "use_bias_features": false,
      "lexical_csv_path": "precomputed_lexical_custom.csv",
      "sentiment_csv_path": "precomputed_sentiment_custom.csv",
      "bias_csv_path": "precomputed_bias_custom.csv"
    },
    "best_params": {
      "clf__C": 1.7965626423790628,
      "clf__class_weight": null,
      "clf__max_iter": 2000,
      "clf__penalty": "l1",
      "clf__solver": "saga",
      "features__text__vectorizer__max_df": 0.8,
      "features__text__vectorizer__max_features": 10000,
      "features__text__vectorizer__min_df": 1,
      "features__text__vectorizer__ngram_range": [
        1,
        2
      ],
      "select__k": 1815,
      "select__score_func": "chi2"
    },
    "best_cv_score": 0.7033013264300896,
    "split_mode": "random"
  },
  "performance_summary": {
    "test_metrics": {
      "accuracy": 0.6692307692307692,
      "mae": 0.5146153846153846,
      "macro_f1": 0.6673967921235574,
      "macro_precision": 0.6608783349856281,
      "macro_recall": 0.6788782972943466,
      "weighted_f1": 0.6682784304411528,
      "weighted_precision": 0.6712793344681169,
      "weighted_recall": 0.6692307692307692
    },
    "test_confusion_matrix": [
      [
        235,
        47,
        120
      ],
      [
        32,
        234,
        33
      ],
      [
        119,
        79,
        401
      ]
    ],
    "test_confidence_mean": 0.64750466682009,
    "test_confidence_std": 0.16723509789326235,
    "classification_report_dict": {
      "0": {
        "precision": 0.6088082901554405,
        "recall": 0.5845771144278606,
        "f1-score": 0.5964467005076142,
        "support": 402.0
      },
      "1": {
        "precision": 0.65,
        "recall": 0.782608695652174,
        "f1-score": 0.7101669195751138,
        "support": 299.0
      },
      "2": {
        "precision": 0.723826714801444,
        "recall": 0.669449081803005,
        "f1-score": 0.6955767562879445,
        "support": 599.0
      },
      "accuracy": 0.6692307692307692,
      "macro avg": {
        "precision": 0.6608783349856281,
        "recall": 0.6788782972943466,
        "f1-score": 0.6673967921235574,
        "support": 1300.0
      },
      "weighted avg": {
        "precision": 0.6712793344681169,
        "recall": 0.6692307692307692,
        "f1-score": 0.6682784304411528,
        "support": 1300.0
      }
    },
    "classification_report_text": "              precision    recall  f1-score   support\n\n           0      0.609     0.585     0.596       402\n           1      0.650     0.783     0.710       299\n           2      0.724     0.669     0.696       599\n\n    accuracy                          0.669      1300\n   macro avg      0.661     0.679     0.667      1300\nweighted avg      0.671     0.669     0.668      1300\n"
  },
  "timing": {
    "run_time_seconds": 528.6773703098297,
    "run_time_minutes": 8.81128950516383
  },
  "analysis_info": {
    "train_class_distribution": {
      "2": 10240,
      "0": 9750,
      "1": 7988
    },
    "test_class_distribution": {
      "2": 599,
      "0": 402,
      "1": 299
    },
    "pred_class_distribution": {
      "2": 554,
      "0": 386,
      "1": 360
    },
    "class_0_avg_probability": 0.31544693024888015,
    "class_1_avg_probability": 0.2866713367810921,
    "class_2_avg_probability": 0.3978817329700277,
    "logreg_n_iter": [
      817
    ],
    "brand_removal_enabled": true
  }
}