{
  "experiment_setup": {
    "config": {
      "classifier_type": "cnb",
      "embedding_type": "tfidf",
      "use_select_kbest": true,
      "brand_removal": false,
      "use_lexical_syntactic": true,
      "use_vader_sentiment": false,
      "use_smote": true,
      "use_scaler": true,
      "use_lda": false,
      "save_interesting_articles": false,
      "use_bias_features": false,
      "lexical_csv_path": "precomputed_lexical_default.csv",
      "sentiment_csv_path": "precomputed_sentiment_default.csv",
      "bias_csv_path": "precomputed_bias_default.csv",
      "results_dir": "experiments/cnb/tfidf_kbest_lex_smote_scaler"
    },
    "best_params": {
      "clf__alpha": 1.7052641538983098,
      "clf__fit_prior": false,
      "clf__norm": false,
      "features__text__vectorizer__max_df": 0.8,
      "features__text__vectorizer__max_features": 10000,
      "features__text__vectorizer__min_df": 1,
      "features__text__vectorizer__ngram_range": [
        1,
        2
      ],
      "select__k": 1515,
      "select__score_func": "f_classif"
    },
    "best_cv_score": 0.6906903780394236,
    "split_mode": "media"
  },
  "performance_summary": {
    "test_metrics": {
      "accuracy": 0.5246153846153846,
      "mae": 0.7076923076923077,
      "macro_f1": 0.4599051152662421,
      "macro_precision": 0.49190289507876556,
      "macro_recall": 0.46964110034617984,
      "weighted_f1": 0.503238763630836,
      "weighted_precision": 0.5127623206848985,
      "weighted_recall": 0.5246153846153846
    },
    "test_confusion_matrix": [
      [
        224,
        27,
        151
      ],
      [
        124,
        52,
        123
      ],
      [
        151,
        42,
        406
      ]
    ],
    "test_confidence_mean": 0.9663122169682322,
    "test_confidence_std": 0.09255766093405682,
    "classification_report_dict": {
      "0": {
        "precision": 0.44889779559118237,
        "recall": 0.5572139303482587,
        "f1-score": 0.4972253052164262,
        "support": 402.0
      },
      "1": {
        "precision": 0.4297520661157025,
        "recall": 0.17391304347826086,
        "f1-score": 0.24761904761904763,
        "support": 299.0
      },
      "2": {
        "precision": 0.5970588235294118,
        "recall": 0.67779632721202,
        "f1-score": 0.6348709929632526,
        "support": 599.0
      },
      "accuracy": 0.5246153846153846,
      "macro avg": {
        "precision": 0.49190289507876556,
        "recall": 0.46964110034617984,
        "f1-score": 0.4599051152662421,
        "support": 1300.0
      },
      "weighted avg": {
        "precision": 0.5127623206848985,
        "recall": 0.5246153846153846,
        "f1-score": 0.503238763630836,
        "support": 1300.0
      }
    },
    "classification_report_text": "              precision    recall  f1-score   support\n\n           0      0.449     0.557     0.497       402\n           1      0.430     0.174     0.248       299\n           2      0.597     0.678     0.635       599\n\n    accuracy                          0.525      1300\n   macro avg      0.492     0.470     0.460      1300\nweighted avg      0.513     0.525     0.503      1300\n"
  },
  "timing": {
    "run_time_seconds": 126.06936001777649,
    "run_time_minutes": 2.101156000296275
  },
  "analysis_info": {
    "train_class_distribution": {
      "2": 10241,
      "0": 8861,
      "1": 7488
    },
    "test_class_distribution": {
      "2": 599,
      "0": 402,
      "1": 299
    },
    "pred_class_distribution": {
      "2": 680,
      "0": 499,
      "1": 121
    },
    "class_0_avg_probability": 0.38450292444214895,
    "class_1_avg_probability": 0.09564009668112021,
    "class_2_avg_probability": 0.5198569788767271
  }
}