{
  "experiment_setup": {
    "config": {
      "classifier_type": "rf",
      "embedding_type": "tfidf",
      "brand_removal": false,
      "use_select_kbest": true,
      "use_smote": true,
      "use_scaler": false,
      "use_lexical_syntactic": false,
      "use_vader_sentiment": false,
      "use_lda": false,
      "use_bias_features": false,
      "save_interesting_articles": false,
      "lexical_csv_path": "precomputed_lexical_default.csv",
      "sentiment_csv_path": "precomputed_sentiment_default.csv",
      "bias_csv_path": "precomputed_bias_default.csv"
    },
    "best_params": {
      "clf__class_weight": "balanced",
      "clf__max_depth": 15,
      "clf__min_samples_leaf": 1,
      "clf__min_samples_split": 5,
      "clf__n_estimators": 500,
      "features__text__vectorizer__max_df": 0.8,
      "features__text__vectorizer__max_features": 5000,
      "features__text__vectorizer__min_df": 1,
      "features__text__vectorizer__ngram_range": [
        1,
        2
      ],
      "select__k": 637,
      "select__score_func": "chi2"
    },
    "best_cv_score": 0.7162682962351401,
    "split_mode": "media"
  },
  "performance_summary": {
    "test_metrics": {
      "accuracy": 0.4876923076923077,
      "mae": 0.7930769230769231,
      "macro_f1": 0.43212097726773485,
      "macro_precision": 0.4817903649878619,
      "macro_recall": 0.43856664513198923,
      "weighted_f1": 0.46833037835111185,
      "weighted_precision": 0.4899861358111268,
      "weighted_recall": 0.4876923076923077
    },
    "test_confusion_matrix": [
      [
        208,
        17,
        177
      ],
      [
        106,
        52,
        141
      ],
      [
        188,
        37,
        374
      ]
    ],
    "test_confidence_mean": 0.43948574444816446,
    "test_confidence_std": 0.07455152282007504,
    "classification_report_dict": {
      "0": {
        "precision": 0.41434262948207173,
        "recall": 0.5174129353233831,
        "f1-score": 0.46017699115044247,
        "support": 402.0
      },
      "1": {
        "precision": 0.49056603773584906,
        "recall": 0.17391304347826086,
        "f1-score": 0.25679012345679014,
        "support": 299.0
      },
      "2": {
        "precision": 0.5404624277456648,
        "recall": 0.6243739565943238,
        "f1-score": 0.5793958171959721,
        "support": 599.0
      },
      "accuracy": 0.4876923076923077,
      "macro avg": {
        "precision": 0.4817903649878619,
        "recall": 0.43856664513198923,
        "f1-score": 0.43212097726773485,
        "support": 1300.0
      },
      "weighted avg": {
        "precision": 0.4899861358111268,
        "recall": 0.4876923076923077,
        "f1-score": 0.46833037835111185,
        "support": 1300.0
      }
    },
    "classification_report_text": "              precision    recall  f1-score   support\n\n           0      0.414     0.517     0.460       402\n           1      0.491     0.174     0.257       299\n           2      0.540     0.624     0.579       599\n\n    accuracy                          0.488      1300\n   macro avg      0.482     0.439     0.432      1300\nweighted avg      0.490     0.488     0.468      1300\n"
  },
  "timing": {
    "run_time_seconds": 110.21124076843262,
    "run_time_minutes": 1.8368540128072104
  },
  "analysis_info": {
    "train_class_distribution": {
      "2": 10241,
      "0": 8861,
      "1": 7488
    },
    "test_class_distribution": {
      "2": 599,
      "0": 402,
      "1": 299
    },
    "pred_class_distribution": {
      "2": 692,
      "0": 502,
      "1": 106
    },
    "class_0_avg_probability": 0.34547200364159164,
    "class_1_avg_probability": 0.2820448827689354,
    "class_2_avg_probability": 0.37248311358947295,
    "rf_avg_tree_depth": 15.0
  }
}