{
  "experiment_setup": {
    "config": {
      "classifier_type": "svm",
      "embedding_type": "tfidf",
      "use_select_kbest": true,
      "brand_removal": true,
      "use_lexical_syntactic": true,
      "use_vader_sentiment": false,
      "use_smote": false,
      "use_scaler": false,
      "use_lda": false,
      "save_interesting_articles": false,
      "use_bias_features": false,
      "lexical_csv_path": "precomputed_lexical_custom.csv",
      "sentiment_csv_path": "precomputed_sentiment_custom.csv",
      "bias_csv_path": "precomputed_bias_custom.csv",
      "results_dir": "experiments/svm/tfidf_kbest_brand_lex"
    },
    "best_params": {
      "clf__C": 1.7965626423790628,
      "clf__class_weight": null,
      "clf__kernel": "linear",
      "clf__max_iter": 500,
      "features__text__vectorizer__max_df": 0.8,
      "features__text__vectorizer__max_features": 10000,
      "features__text__vectorizer__min_df": 1,
      "features__text__vectorizer__ngram_range": [
        1,
        2
      ],
      "select__k": 1815,
      "select__score_func": "chi2"
    },
    "best_cv_score": 0.47185910988414326,
    "split_mode": "random"
  },
  "performance_summary": {
    "test_metrics": {
      "accuracy": 0.48846153846153845,
      "mae": 0.7515384615384615,
      "macro_f1": 0.43217613173358266,
      "macro_precision": 0.44759778702963865,
      "macro_recall": 0.43700404997678516,
      "weighted_f1": 0.46671666730763683,
      "weighted_precision": 0.46697325209379964,
      "weighted_recall": 0.48846153846153845
    },
    "test_confusion_matrix": [
      [
        104,
        84,
        214
      ],
      [
        56,
        99,
        144
      ],
      [
        98,
        69,
        432
      ]
    ],
    "test_confidence_mean": 0.5569731011156993,
    "test_confidence_std": 0.21596560141561957,
    "classification_report_dict": {
      "0": {
        "precision": 0.40310077519379844,
        "recall": 0.25870646766169153,
        "f1-score": 0.3151515151515151,
        "support": 402.0
      },
      "1": {
        "precision": 0.39285714285714285,
        "recall": 0.3311036789297659,
        "f1-score": 0.35934664246823955,
        "support": 299.0
      },
      "2": {
        "precision": 0.5468354430379747,
        "recall": 0.7212020033388982,
        "f1-score": 0.6220302375809935,
        "support": 599.0
      },
      "accuracy": 0.48846153846153845,
      "macro avg": {
        "precision": 0.44759778702963865,
        "recall": 0.43700404997678516,
        "f1-score": 0.43217613173358266,
        "support": 1300.0
      },
      "weighted avg": {
        "precision": 0.46697325209379964,
        "recall": 0.48846153846153845,
        "f1-score": 0.46671666730763683,
        "support": 1300.0
      }
    },
    "classification_report_text": "              precision    recall  f1-score   support\n\n           0      0.403     0.259     0.315       402\n           1      0.393     0.331     0.359       299\n           2      0.547     0.721     0.622       599\n\n    accuracy                          0.488      1300\n   macro avg      0.448     0.437     0.432      1300\nweighted avg      0.467     0.488     0.467      1300\n"
  },
  "timing": {
    "run_time_seconds": 726.5989706516266,
    "run_time_minutes": 12.109982844193777
  },
  "analysis_info": {
    "train_class_distribution": {
      "2": 10240,
      "0": 9750,
      "1": 7988
    },
    "test_class_distribution": {
      "2": 599,
      "0": 402,
      "1": 299
    },
    "pred_class_distribution": {
      "2": 790,
      "0": 258,
      "1": 252
    },
    "class_0_avg_probability": 0.14911187336883747,
    "class_1_avg_probability": 0.21864047293243927,
    "class_2_avg_probability": 0.6322476536987232,
    "svm_num_support_vectors": 2787,
    "brand_removal_enabled": true
  }
}