{
  "experiment_setup": {
    "config": {
      "classifier_type": "svm",
      "embedding_type": "tfidf",
      "use_select_kbest": true,
      "brand_removal": false,
      "use_lexical_syntactic": true,
      "use_vader_sentiment": true,
      "use_smote": true,
      "use_scaler": true,
      "use_lda": false,
      "save_interesting_articles": false,
      "use_bias_features": false,
      "lexical_csv_path": "precomputed_lexical_default.csv",
      "sentiment_csv_path": "precomputed_sentiment_default.csv",
      "bias_csv_path": "precomputed_bias_default.csv",
      "results_dir": "experiments/svm/tfidf_kbest_lex_vader_smote_scaler"
    },
    "best_params": {
      "clf__C": 0.00195172246414495,
      "clf__class_weight": null,
      "clf__kernel": "linear",
      "clf__max_iter": 500,
      "features__text__vectorizer__max_df": 0.8,
      "features__text__vectorizer__max_features": 10000,
      "features__text__vectorizer__min_df": 1,
      "features__text__vectorizer__ngram_range": [
        1,
        2
      ],
      "select__k": 1987,
      "select__score_func": "f_classif"
    },
    "best_cv_score": 0.5281950189611407,
    "split_mode": "random"
  },
  "performance_summary": {
    "test_metrics": {
      "accuracy": 0.5053846153846154,
      "mae": 0.7346153846153847,
      "macro_f1": 0.493703901020202,
      "macro_precision": 0.4935912326156229,
      "macro_recall": 0.4964094765802998,
      "weighted_f1": 0.5084430102481509,
      "weighted_precision": 0.5144657100248095,
      "weighted_recall": 0.5053846153846154
    },
    "test_confusion_matrix": [
      [
        193,
        83,
        126
      ],
      [
        76,
        140,
        83
      ],
      [
        186,
        89,
        324
      ]
    ],
    "test_confidence_mean": 0.48056555195370054,
    "test_confidence_std": 0.12521698544889034,
    "classification_report_dict": {
      "0": {
        "precision": 0.42417582417582417,
        "recall": 0.48009950248756217,
        "f1-score": 0.45040840140023336,
        "support": 402.0
      },
      "1": {
        "precision": 0.44871794871794873,
        "recall": 0.4682274247491639,
        "f1-score": 0.4582651391162029,
        "support": 299.0
      },
      "2": {
        "precision": 0.6078799249530957,
        "recall": 0.5409015025041736,
        "f1-score": 0.5724381625441696,
        "support": 599.0
      },
      "accuracy": 0.5053846153846154,
      "macro avg": {
        "precision": 0.4935912326156229,
        "recall": 0.4964094765802998,
        "f1-score": 0.493703901020202,
        "support": 1300.0
      },
      "weighted avg": {
        "precision": 0.5144657100248095,
        "recall": 0.5053846153846154,
        "f1-score": 0.5084430102481509,
        "support": 1300.0
      }
    },
    "classification_report_text": "              precision    recall  f1-score   support\n\n           0      0.424     0.480     0.450       402\n           1      0.449     0.468     0.458       299\n           2      0.608     0.541     0.572       599\n\n    accuracy                          0.505      1300\n   macro avg      0.494     0.496     0.494      1300\nweighted avg      0.514     0.505     0.508      1300\n"
  },
  "timing": {
    "run_time_seconds": 1008.2909512519836,
    "run_time_minutes": 16.804849187533062
  },
  "analysis_info": {
    "train_class_distribution": {
      "2": 10240,
      "0": 9750,
      "1": 7988
    },
    "test_class_distribution": {
      "2": 599,
      "0": 402,
      "1": 299
    },
    "pred_class_distribution": {
      "2": 533,
      "0": 455,
      "1": 312
    },
    "class_0_avg_probability": 0.279751450961503,
    "class_1_avg_probability": 0.3076998649054656,
    "class_2_avg_probability": 0.41254868413303136,
    "svm_num_support_vectors": 2695
  }
}