{
  "experiment_setup": {
    "config": {
      "classifier_type": "svm",
      "embedding_type": "tfidf",
      "use_select_kbest": true,
      "brand_removal": false,
      "use_lexical_syntactic": false,
      "use_vader_sentiment": false,
      "use_smote": true,
      "use_scaler": true,
      "use_lda": false,
      "save_interesting_articles": false,
      "use_bias_features": false,
      "lexical_csv_path": "precomputed_lexical_default.csv",
      "sentiment_csv_path": "precomputed_sentiment_default.csv",
      "bias_csv_path": "precomputed_bias_default.csv",
      "results_dir": "experiments/svm/tfidf_kbest_smote_scaler"
    },
    "best_params": {
      "clf__C": 0.00195172246414495,
      "clf__class_weight": null,
      "clf__kernel": "linear",
      "clf__max_iter": 500,
      "features__text__vectorizer__max_df": 0.8,
      "features__text__vectorizer__max_features": 10000,
      "features__text__vectorizer__min_df": 1,
      "features__text__vectorizer__ngram_range": [
        1,
        2
      ],
      "select__k": 1987,
      "select__score_func": "f_classif"
    },
    "best_cv_score": 0.5866123793037119,
    "split_mode": "media"
  },
  "performance_summary": {
    "test_metrics": {
      "accuracy": 0.45692307692307693,
      "mae": 0.796923076923077,
      "macro_f1": 0.4323315860239714,
      "macro_precision": 0.4367334978768196,
      "macro_recall": 0.4366416123838997,
      "weighted_f1": 0.4553952192592421,
      "weighted_precision": 0.4621085204739445,
      "weighted_recall": 0.45692307692307693
    },
    "test_confusion_matrix": [
      [
        215,
        54,
        133
      ],
      [
        112,
        85,
        102
      ],
      [
        197,
        108,
        294
      ]
    ],
    "test_confidence_mean": 0.5097638289308818,
    "test_confidence_std": 0.1456390068070524,
    "classification_report_dict": {
      "0": {
        "precision": 0.41030534351145037,
        "recall": 0.5348258706467661,
        "f1-score": 0.46436285097192226,
        "support": 402.0
      },
      "1": {
        "precision": 0.3441295546558704,
        "recall": 0.2842809364548495,
        "f1-score": 0.31135531135531136,
        "support": 299.0
      },
      "2": {
        "precision": 0.555765595463138,
        "recall": 0.49081803005008345,
        "f1-score": 0.5212765957446809,
        "support": 599.0
      },
      "accuracy": 0.45692307692307693,
      "macro avg": {
        "precision": 0.4367334978768196,
        "recall": 0.4366416123838997,
        "f1-score": 0.4323315860239714,
        "support": 1300.0
      },
      "weighted avg": {
        "precision": 0.4621085204739445,
        "recall": 0.45692307692307693,
        "f1-score": 0.4553952192592421,
        "support": 1300.0
      }
    },
    "classification_report_text": "              precision    recall  f1-score   support\n\n           0      0.410     0.535     0.464       402\n           1      0.344     0.284     0.311       299\n           2      0.556     0.491     0.521       599\n\n    accuracy                          0.457      1300\n   macro avg      0.437     0.437     0.432      1300\nweighted avg      0.462     0.457     0.455      1300\n"
  },
  "timing": {
    "run_time_seconds": 1095.3221597671509,
    "run_time_minutes": 18.255369329452513
  },
  "analysis_info": {
    "train_class_distribution": {
      "2": 10241,
      "0": 8861,
      "1": 7488
    },
    "test_class_distribution": {
      "2": 599,
      "0": 402,
      "1": 299
    },
    "pred_class_distribution": {
      "2": 529,
      "0": 524,
      "1": 247
    },
    "class_0_avg_probability": 0.28505740212862096,
    "class_1_avg_probability": 0.2946778872329611,
    "class_2_avg_probability": 0.42026471063841786,
    "svm_num_support_vectors": 2628
  }
}