{
  "experiment_setup": {
    "config": {
      "classifier_type": "nb",
      "embedding_type": "count",
      "brand_removal": false,
      "use_select_kbest": false,
      "use_smote": false,
      "use_lexical_syntactic": false,
      "use_vader_sentiment": false,
      "use_lda": false,
      "save_interesting_articles": false,
      "use_scaler": false,
      "use_bias_features": false,
      "lexical_csv_path": "precomputed_lexical_default.csv",
      "sentiment_csv_path": "precomputed_sentiment_default.csv",
      "bias_csv_path": "precomputed_bias_default.csv"
    },
    "best_params": {
      "clf__alpha": 0.010728106434030568,
      "clf__fit_prior": true,
      "features__text__vectorizer__max_df": 0.8,
      "features__text__vectorizer__max_features": 10000,
      "features__text__vectorizer__min_df": 1,
      "features__text__vectorizer__ngram_range": [
        1,
        2
      ]
    },
    "best_cv_score": 0.6059279384032563,
    "split_mode": "random"
  },
  "performance_summary": {
    "test_metrics": {
      "accuracy": 0.6015384615384616,
      "mae": 0.5969230769230769,
      "macro_f1": 0.6023734688250818,
      "macro_precision": 0.5994749844948869,
      "macro_recall": 0.6308293874928294,
      "weighted_f1": 0.599063647188213,
      "weighted_precision": 0.6198907726723512,
      "weighted_recall": 0.6015384615384616
    },
    "test_confusion_matrix": [
      [
        222,
        90,
        90
      ],
      [
        14,
        242,
        43
      ],
      [
        168,
        113,
        318
      ]
    ],
    "test_confidence_mean": 0.9742198862228972,
    "test_confidence_std": 0.07608784250710587,
    "subgroup_source": {},
    "subgroup_topic": {
      "palestine": {
        "accuracy": 0.7142857142857143,
        "macro_f1": 0.5523809523809523,
        "num_samples": 7
      },
      "federal_budget": {
        "accuracy": 0.5490196078431373,
        "macro_f1": 0.4541062801932367,
        "num_samples": 51
      },
      "fbi": {
        "accuracy": 0.7285714285714285,
        "macro_f1": 0.5968013468013468,
        "num_samples": 70
      },
      "politics": {
        "accuracy": 0.6070287539936102,
        "macro_f1": 0.6056214021463849,
        "num_samples": 626
      },
      "media_bias": {
        "accuracy": 0.6090225563909775,
        "macro_f1": 0.44419865848437273,
        "num_samples": 133
      },
      "labor": {
        "accuracy": 0.9,
        "macro_f1": 0.8666666666666667,
        "num_samples": 10
      },
      "education": {
        "accuracy": 0.5172413793103449,
        "macro_f1": 0.49819376026272577,
        "num_samples": 29
      },
      "lgbt_rights": {
        "accuracy": 0.5068493150684932,
        "macro_f1": 0.4812105926860026,
        "num_samples": 73
      },
      "race_and_racism": {
        "accuracy": 0.6509433962264151,
        "macro_f1": 0.6239570527005983,
        "num_samples": 106
      },
      "cybersecurity": {
        "accuracy": 0.5833333333333334,
        "macro_f1": 0.5232323232323233,
        "num_samples": 24
      },
      "great_britain": {
        "accuracy": 0.3333333333333333,
        "macro_f1": 0.3333333333333333,
        "num_samples": 6
      },
      "national_defense": {
        "accuracy": 0.5277777777777778,
        "macro_f1": 0.47169957413859853,
        "num_samples": 36
      },
      "us_military": {
        "accuracy": 0.6666666666666666,
        "macro_f1": 0.5,
        "num_samples": 6
      },
      "justice_department": {
        "accuracy": 0.0,
        "macro_f1": 0.0,
        "num_samples": 14
      },
      "nuclear_weapons": {
        "accuracy": 0.6190476190476191,
        "macro_f1": 0.4382716049382716,
        "num_samples": 21
      },
      "supreme_court": {
        "accuracy": 0.7619047619047619,
        "macro_f1": 0.7222222222222222,
        "num_samples": 21
      },
      "banking_and_finance": {
        "accuracy": 0.75,
        "macro_f1": 0.42857142857142855,
        "num_samples": 8
      },
      "culture": {
        "accuracy": 0.8,
        "macro_f1": 0.5555555555555555,
        "num_samples": 5
      },
      "treasury": {
        "accuracy": 0.3333333333333333,
        "macro_f1": 0.3333333333333333,
        "num_samples": 6
      },
      "republican_party": {
        "accuracy": 0.8461538461538461,
        "macro_f1": 0.3055555555555555,
        "num_samples": 13
      },
      "gun_control_and_gun_rights": {
        "accuracy": 0.5833333333333334,
        "macro_f1": 0.24561403508771928,
        "num_samples": 12
      },
      "environment": {
        "accuracy": 0.625,
        "macro_f1": 0.5636363636363637,
        "num_samples": 8
      },
      "opioid_crisis": {
        "accuracy": 0.25,
        "macro_f1": 0.16666666666666666,
        "num_samples": 4
      },
      "polarization": {
        "accuracy": 0.5,
        "macro_f1": 0.2222222222222222,
        "num_samples": 4
      },
      "justice": {
        "accuracy": 0.0,
        "macro_f1": 0.0,
        "num_samples": 4
      },
      "trade": {
        "accuracy": 0.0,
        "macro_f1": 0.0,
        "num_samples": 1
      },
      "mexico": {
        "accuracy": 0.5,
        "macro_f1": 0.3333333333333333,
        "num_samples": 2
      }
    }
  },
  "timing": {
    "run_time_seconds": 33.767125844955444,
    "run_time_minutes": 0.5627854307492574
  },
  "analysis_info": {
    "train_class_distribution": {
      "2": 10240,
      "0": 9750,
      "1": 7988
    },
    "test_class_distribution": {
      "2": 599,
      "0": 402,
      "1": 299
    },
    "pred_class_distribution": {
      "2": 451,
      "1": 445,
      "0": 404
    },
    "class_0_avg_probability": 0.31083270774648974,
    "class_1_avg_probability": 0.33956349434490546,
    "class_2_avg_probability": 0.3496037979086116
  }
}