{
  "experiment_setup": {
    "config": {
      "classifier_type": "rf",
      "embedding_type": "tfidf",
      "brand_removal": false,
      "use_select_kbest": true,
      "use_lexical_syntactic": true,
      "use_smote": false,
      "use_vader_sentiment": false,
      "use_lda": false,
      "save_interesting_articles": false,
      "use_scaler": false,
      "use_bias_features": false,
      "lexical_csv_path": "precomputed_lexical_default.csv",
      "sentiment_csv_path": "precomputed_sentiment_default.csv",
      "bias_csv_path": "precomputed_bias_default.csv"
    },
    "best_params": {
      "clf__class_weight": "balanced",
      "clf__max_depth": 15,
      "clf__min_samples_leaf": 1,
      "clf__min_samples_split": 5,
      "clf__n_estimators": 500,
      "features__text__vectorizer__max_df": 0.8,
      "features__text__vectorizer__max_features": 5000,
      "features__text__vectorizer__min_df": 1,
      "features__text__vectorizer__ngram_range": [
        1,
        2
      ],
      "select__k": 637,
      "select__score_func": "chi2"
    },
    "best_cv_score": 0.6832472756584355,
    "split_mode": "random"
  },
  "performance_summary": {
    "test_metrics": {
      "accuracy": 0.6269230769230769,
      "mae": 0.5930769230769231,
      "macro_f1": 0.6300179986260567,
      "macro_precision": 0.6226837438866936,
      "macro_recall": 0.6444926759364947,
      "weighted_f1": 0.6238302508071084,
      "weighted_precision": 0.6262096446621174,
      "weighted_recall": 0.6269230769230769
    },
    "test_confusion_matrix": [
      [
        215,
        42,
        145
      ],
      [
        13,
        237,
        49
      ],
      [
        141,
        95,
        363
      ]
    ],
    "test_confidence_mean": 0.44153284418991673,
    "test_confidence_std": 0.06880383637491282,
    "classification_report_dict": {
      "0": {
        "precision": 0.5826558265582655,
        "recall": 0.5348258706467661,
        "f1-score": 0.5577172503242542,
        "support": 402.0
      },
      "1": {
        "precision": 0.6336898395721925,
        "recall": 0.7926421404682275,
        "f1-score": 0.7043090638930164,
        "support": 299.0
      },
      "2": {
        "precision": 0.651705565529623,
        "recall": 0.6060100166944908,
        "f1-score": 0.6280276816608996,
        "support": 599.0
      },
      "accuracy": 0.6269230769230769,
      "macro avg": {
        "precision": 0.6226837438866936,
        "recall": 0.6444926759364947,
        "f1-score": 0.6300179986260567,
        "support": 1300.0
      },
      "weighted avg": {
        "precision": 0.6262096446621174,
        "recall": 0.6269230769230769,
        "f1-score": 0.6238302508071084,
        "support": 1300.0
      }
    },
    "classification_report_text": "              precision    recall  f1-score   support\n\n           0      0.583     0.535     0.558       402\n           1      0.634     0.793     0.704       299\n           2      0.652     0.606     0.628       599\n\n    accuracy                          0.627      1300\n   macro avg      0.623     0.644     0.630      1300\nweighted avg      0.626     0.627     0.624      1300\n"
  },
  "timing": {
    "run_time_seconds": 78.50604581832886,
    "run_time_minutes": 1.3084340969721475
  },
  "analysis_info": {
    "train_class_distribution": {
      "2": 10240,
      "0": 9750,
      "1": 7988
    },
    "test_class_distribution": {
      "2": 599,
      "0": 402,
      "1": 299
    },
    "pred_class_distribution": {
      "2": 557,
      "1": 374,
      "0": 369
    },
    "class_0_avg_probability": 0.32807157964891354,
    "class_1_avg_probability": 0.32180327834978,
    "class_2_avg_probability": 0.35012514200130823,
    "rf_avg_tree_depth": 15.0
  }
}