{
  "experiment_setup": {
    "config": {
      "classifier_type": "nb",
      "embedding_type": "tfidf",
      "use_select_kbest": true,
      "brand_removal": true,
      "use_lexical_syntactic": true,
      "use_vader_sentiment": false,
      "use_smote": false,
      "use_scaler": false,
      "use_lda": false,
      "save_interesting_articles": false,
      "use_bias_features": false,
      "lexical_csv_path": "precomputed_lexical_custom.csv",
      "sentiment_csv_path": "precomputed_sentiment_custom.csv",
      "bias_csv_path": "precomputed_bias_custom.csv",
      "results_dir": "experiments/nb/tfidf_kbest_brand_lex"
    },
    "best_params": {
      "clf__alpha": 0.052150266974116635,
      "clf__fit_prior": false,
      "features__text__vectorizer__max_df": 0.8,
      "features__text__vectorizer__max_features": 10000,
      "features__text__vectorizer__min_df": 1,
      "features__text__vectorizer__ngram_range": [
        1,
        2
      ],
      "select__k": 1800,
      "select__score_func": "chi2"
    },
    "best_cv_score": 0.6557791415135131,
    "split_mode": "media"
  },
  "performance_summary": {
    "test_metrics": {
      "accuracy": 0.5276923076923077,
      "mae": 0.696923076923077,
      "macro_f1": 0.5154845860868521,
      "macro_precision": 0.5147805266083346,
      "macro_recall": 0.5174044212691796,
      "weighted_f1": 0.5283372725822154,
      "weighted_precision": 0.5302825074756913,
      "weighted_recall": 0.5276923076923077
    },
    "test_confusion_matrix": [
      [
        219,
        64,
        119
      ],
      [
        51,
        136,
        112
      ],
      [
        173,
        95,
        331
      ]
    ],
    "test_confidence_mean": 0.44575404150779174,
    "test_confidence_std": 0.08878318355518672,
    "classification_report_dict": {
      "0": {
        "precision": 0.49435665914221216,
        "recall": 0.5447761194029851,
        "f1-score": 0.5183431952662721,
        "support": 402.0
      },
      "1": {
        "precision": 0.4610169491525424,
        "recall": 0.45484949832775917,
        "f1-score": 0.45791245791245794,
        "support": 299.0
      },
      "2": {
        "precision": 0.5889679715302492,
        "recall": 0.5525876460767947,
        "f1-score": 0.570198105081826,
        "support": 599.0
      },
      "accuracy": 0.5276923076923077,
      "macro avg": {
        "precision": 0.5147805266083346,
        "recall": 0.5174044212691796,
        "f1-score": 0.5154845860868521,
        "support": 1300.0
      },
      "weighted avg": {
        "precision": 0.5302825074756913,
        "recall": 0.5276923076923077,
        "f1-score": 0.5283372725822154,
        "support": 1300.0
      }
    },
    "classification_report_text": "              precision    recall  f1-score   support\n\n           0      0.494     0.545     0.518       402\n           1      0.461     0.455     0.458       299\n           2      0.589     0.553     0.570       599\n\n    accuracy                          0.528      1300\n   macro avg      0.515     0.517     0.515      1300\nweighted avg      0.530     0.528     0.528      1300\n"
  },
  "timing": {
    "run_time_seconds": 105.15948486328125,
    "run_time_minutes": 1.7526580810546875
  },
  "analysis_info": {
    "train_class_distribution": {
      "2": 10241,
      "0": 8861,
      "1": 7488
    },
    "test_class_distribution": {
      "2": 599,
      "0": 402,
      "1": 299
    },
    "pred_class_distribution": {
      "2": 562,
      "0": 443,
      "1": 295
    },
    "class_0_avg_probability": 0.32281828084587805,
    "class_1_avg_probability": 0.3063260922639323,
    "class_2_avg_probability": 0.37085562689018964,
    "brand_removal_enabled": true
  }
}